OBJECTID *,Survey Type,Leak Location,Leak Grade,Marked Flag,Leak Located,Probable Source,Gas In,Surface Type,CGI Test Gas,CGI Test LEL,CGI Test PPM,Detected By,Meter Number,Confirm Meter Number,House Number,Street,Street 2,Apt/Suite,City,Comments,Survey Year,Survey Contractor,Grade 1 Notification,PRESSURETY,CreationDa,Creator,EditDate,Editor,NOTIFICATION,REPORTNUMBER,NOTSTATUS,Work Location,X,Y
20188,3 Year,Underground,Grade 3,No,<Null>,Meter,<10' FRM Building,Unsurfaced,<Null>,<Null>,347,CGI,CB 14179,CB 14179,2821,29TH AVE N,<Null>,<Null>,BIRMINGHAM,Shut off/service cock,2020,Southern Cross,<Null>,<Null>,2/12/20 16:13,Jackie.Butts1,2/12/20 16:13,Jackie.Butts1,10578853,9200020188,<Null>,<Null>,-86.813353,33.55119
20484,3 Year,Underground,Grade 3,No,<Null>,Main,Curb,<Null>,1,20,<Null>,Flame Pack,0,0,3107,2ND AVE S,<Null>,<Null>,BIRMINGHAM,On 31st St between 2nd Aly & 2nd Ave; light box,2020,Southern Cross,<Null>,<Null>,2/12/20 18:36,Ebony.Todd1,2/12/20 18:40,Ebony.Todd1,10578859,9200020484,<Null>,<Null>,-86.787986,33.517654
20485,3 Year,Underground,Grade 2,No,<Null>,Main,10' - 20' FRM Building,Unsurfaced,20,<Null>,<Null>,CGI,<Null>,<Null>,2827,35TH AVE N,28th PL N,<Null>,BIRMINGHAM,"Around utility pole, near United Steelworkers building, gas odor",2020,Southern Cross,<Null>,<Null>,2/12/20 18:42,Jackie.Butts1,2/12/20 18:42,Jackie.Butts1,10578860,9200020485,<Null>,<Null>,-86.815981,33.557805
20487,3 Year,Underground,Grade 2,No,<Null>,Main,Curb,Concrete,<Null>,2,<Null>,CGI,<Null>,<Null>,2825,35TH AVE N,<Null>,<Null>,BIRMINGHAM,"Around stop sign, 2% LEL surface, 20+ from building, unable to make barhole in concrete ",2020,Southern Cross,<Null>,<Null>,2/12/20 18:53,Jackie.Butts1,2/12/20 18:53,Jackie.Butts1,10578862,9200020487,<Null>,<Null>,-86.815817,33.557841
20488,3 Year,Underground,Grade 3,No,<Null>,Main,Sanitary Manhole,Tar Mix,<Null>,<Null>,50,CGI,<Null>,<Null>,3410,28TH PL N,<Null>,<Null>,BIRMINGHAM,"Methane detected, City of Birmingham Sanitary Sewer",2020,Southern Cross,<Null>,<Null>,2/12/20 19:22,Jackie.Butts1,2/12/20 19:22,Jackie.Butts1,10578863,9200020488,<Null>,<Null>,-86.815767,33.557408
20494,3 Year,Underground,Grade 1,No,<Null>,Service,Foundation,Concrete,25,93,<Null>,CGI,<Null>,<Null>,2725,35th Ave. N,<Null>,<Null>,BIRMINGHAM,"Foundation, asphalt, less than 5 ft. from building, strong gas odor, barholes - foundation, asphalt",2020,Southern Cross,<Null>,<Null>,2/13/20 16:27,Jackie.Butts1,2/14/20 14:47,Jackie.Butts1,10578710,9200020494,<Null>,<Null>,-86.817458,33.55736
20502,3 Year,Underground,Grade 3,No,<Null>,Main,10' - 20' FRM Building,Concrete,<Null>,<Null>,200,CGI,<Null>,<Null>,2722,37TH AVE N,28th St. N,<Null>,BIRMINGHAM,"Gas detected in storm drain, gas odor, gas detected in air",2020,Southern Cross,<Null>,<Null>,2/13/20 19:32,Jackie.Butts1,2/13/20 19:34,Jackie.Butts1,10578872,9200020502,<Null>,<Null>,-86.817986,33.559506
20504,3 Year,Underground,Grade 2,No,<Null>,Main,Curb,Concrete,<Null>,4,<Null>,CGI,riser,<Null>,1300,REVEREND ABRAHAM WOODS JR BLVD,<Null>,<Null>,BIRMINGHAM,traveled near man hole ,2020,Southern Cross,<Null>,<Null>,2/13/20 20:11,leighton.landrum1,2/13/20 20:18,leighton.landrum1,10578873,9200020504,<Null>,<Null>,-86.820227,33.517029
20507,3 Year,Underground,Grade 3,No,<Null>,Main,Street,Tar Mix,<Null>,5,<Null>,CGI,<Null>,<Null>,2803,35TH AVE N,28th St. N,<Null>,BIRMINGHAM,At intersection of 35th Ave & 28th St,2020,Southern Cross,<Null>,<Null>,2/14/20 16:11,Jackie.Butts1,2/14/20 16:11,Jackie.Butts1,10578875,9200020507,<Null>,<Null>,-86.817132,33.557496
20509,3 Year,Underground,Grade 2,No,<Null>,Main,Street,Tar Mix,12,<Null>,<Null>,CGI,<Null>,<Null>,2729,38TH AVE N,28th St. N,<Null>,BIRMINGHAM,"Hole in street along gas pipeline, 15+ from residences; Intersection 38th Ave & 28th St",2020,Southern Cross,<Null>,<Null>,2/14/20 17:08,Jackie.Butts1,2/14/20 17:08,Jackie.Butts1,10578876,9200020509,<Null>,<Null>,-86.81843,33.560599
20511,3 Year,Underground,Grade 1,No,<Null>,Service,<10' FRM Building,Unsurfaced,40,<Null>,<Null>,CGI,BA787681,BA787681,2712,38th Ave. N,<Null>,<Null>,BIRMINGHAM,"Below ground - on/near service to meter, <5 ft. from residence, highest reading = 78% gas",2020,Southern Cross,<Null>,<Null>,2/14/20 18:18,Jackie.Butts1,2/14/20 18:24,Jackie.Butts1,10578764,9200020511,<Null>,<Null>,-86.818611,33.560816
20805,3 Year,Underground,Grade 3,No,Main,Main,Street,Tar Mix,<Null>,4,<Null>,CGI,<Null>,<Null>,2729,38TH AVE N,<Null>,<Null>,Birmingham,Hole in street on/near gas pipeline,2020,Southern Cross,<Null>,<Null>,2/17/20 14:30,Jackie.Butts1,2/17/20 14:30,Jackie.Butts1,10578696,9200020805,<Null>,<Null>,-86.818695,33.560507
20806,3 Year,Underground,Grade 3,No,Main,Main,Street,Concrete,<Null>,6,<Null>,CGI,<Null>,<Null>,2725,38TH AVE N,<Null>,<Null>,Birmingham,"Cracks/patch in street, 10+ ft. from residence, gas odor",2020,Southern Cross,<Null>,<Null>,2/17/20 14:44,Jackie.Butts1,2/17/20 14:44,Jackie.Butts1,10578697,9200020806,<Null>,<Null>,-86.818704,33.560488
20807,3 Year,Underground,Grade 2,No,Main,Main,Street,Tar Mix,16,<Null>,<Null>,CGI,<Null>,<Null>,2725,38TH AVE N,<Null>,<Null>,Birmingham,"Crack/patch in street, 10+ ft. from residence, gas odor, highest reading = 30% gas",2020,Southern Cross,<Null>,<Null>,2/17/20 15:15,Jackie.Butts1,2/17/20 15:16,Jackie.Butts1,10578698,9200020807,<Null>,<Null>,-86.818762,33.56055
20811,3 Year,Underground,Grade 3,No,Main,Main,Sanitary Manhole,Concrete,<Null>,<Null>,281,CGI,<Null>,<Null>,2616,37TH AVE N,<Null>,<Null>,Birmingham,"City of Birmingham Sanitary Sewer, methane detected ",2020,Southern Cross,<Null>,<Null>,2/17/20 15:33,Jackie.Butts1,2/17/20 15:33,Jackie.Butts1,10579301,9200020811,<Null>,<Null>,-86.820191,33.558817
20812,3 Year,Underground,Grade 3,No,Service Riser,Service,<10' FRM Building,Unsurfaced,<Null>,4,<Null>,CGI,CB31648,CB31648,3711,27TH ST N,<Null>,<Null>,Birmingham,Riser/below shut off/service cock,2020,Southern Cross,<Null>,<Null>,2/17/20 15:44,Jackie.Butts1,2/17/20 15:54,Jackie.Butts1,10579302,9200020812,<Null>,<Null>,-86.819459,33.559703
20813,3 Year,Underground,Grade 3,No,Main,Main,Curb,Unsurfaced,22,6,493,Flame Pack,0,0,1300,7TH AVE N,<Null>,<Null>,Birmingham,Intersection of 13th St,2020,Southern Cross,<Null>,<Null>,2/17/20 16:11,Ebony.Todd1,2/17/20 16:11,Ebony.Todd1,10579303,9200020813,<Null>,<Null>,-86.819306,33.515747
20814,3 Year,Underground,Grade 3,No,Main,Main,Curb,Unsurfaced,0,4,492,Flame Pack,0,0,690,13TH ST N,13th Ave N,<Null>,Birmingham,On SE corner of 7th Ave,2020,Southern Cross,<Null>,<Null>,2/17/20 16:16,Ebony.Todd1,2/17/20 16:16,Ebony.Todd1,10579304,9200020814,<Null>,<Null>,-86.819223,33.515676
20815,3 Year,Underground,Grade 3,No,Main,Main,Curb,Unsurfaced,10,13,30,Flame Pack,0,0,617,13TH ST N,<Null>,<Null>,Birmingham,outside the gates if ULCS,2020,Southern Cross,<Null>,<Null>,2/17/20 16:23,Ebony.Todd1,2/17/20 16:23,Ebony.Todd1,10579305,9200020815,<Null>,<Null>,-86.819098,33.515492
20818,3 Year,Underground,Grade 3,No,Main,Main,20'+ FRM Building,Unsurfaced,<Null>,20,424,Flame Pack,0,0,617,13TH ST N,<Null>,<Null>,Birmingham,In front of ULCS Bldg,2020,Southern Cross,<Null>,<Null>,2/17/20 16:30,Ebony.Todd1,2/17/20 16:30,Ebony.Todd1,10579307,9200020818,<Null>,<Null>,-86.819113,33.515444
20819,3 Year,Underground,Grade 1,No,Service,Service,<10' FRM Building,Unsurfaced,29,<Null>,<Null>,CGI,RISER ONLY,RISER ONLY,3530,27TH ST N,<Null>,<Null>,Birmingham,"<5 ft. from residence, gas odor, customers complain of gas odor",2020,Southern Cross,<Null>,<Null>,2/17/20 16:39,Jackie.Butts1,2/17/20 16:54,Jackie.Butts1,10578830,9200020819,<Null>,<Null>,-86.819414,33.558496
20820,3 Year,Underground,Grade 3,No,Main,Main,Curb,<Null>,5,<Null>,<Null>,CGI,ba599203,<Null>,1901,19TH ST N,<Null>,<Null>,Birmingham,<Null>,2020,Southern Cross,<Null>,<Null>,2/17/20 16:44,leighton.landrum1,2/17/20 16:44,leighton.landrum1,10579308,9200020820,<Null>,<Null>,-86.827999,33.548827
20821,3 Year,Underground,Grade 3,No,Main,Main,Curb,Unsurfaced,<Null>,4,58,Flame Pack,0,0,615,13TH ST N,<Null>,<Null>,Birmingham,Adjacent to Alabama Power exit,2020,Southern Cross,<Null>,<Null>,2/17/20 16:53,Ebony.Todd1,2/17/20 16:53,Ebony.Todd1,10579309,9200020821,<Null>,<Null>,-86.819012,33.515001
20827,3 Year,Underground,Grade 3,No,Main,Main,Curb,Unsurfaced,<Null>,9,<Null>,CGI,<Null>,<Null>,1926,26TH AVE N,<Null>,<Null>,Birmingham,<Null>,2020,Southern Cross,<Null>,<Null>,2/17/20 19:48,leighton.landrum1,2/17/20 19:48,leighton.landrum1,10579314,9200020827,<Null>,<Null>,-86.825114,33.544803
20830,3 Year,Underground,Grade 3,No,Main,Main,Sanitary Manhole,Tar Mix,<Null>,<Null>,60,CGI,<Null>,<Null>,2629,34th Ave. N,<Null>,<Null>,Birmingham,"City of Birmingham Sanitary Sewer, on 27th St adjacent to alley",2020,Southern Cross,<Null>,<Null>,2/17/20 20:00,Jackie.Butts1,2/17/20 20:00,Jackie.Butts1,10579317,9200020830,<Null>,<Null>,-86.818081,33.555632
20842,3 Year,Underground,Grade 2,No,Main,Main,10' - 20' FRM Building,Concrete,<Null>,27,<Null>,CGI,<Null>,<Null>,2425,35TH AVE N,25th St. N,<Null>,Birmingham,Gas detected from crack in sidewalk ,2020,Southern Cross,<Null>,<Null>,2/18/20 20:27,Jackie.Butts1,2/18/20 20:27,Jackie.Butts1,10579324,9200020842,<Null>,<Null>,-86.821561,33.556157
20843,3 Year,Underground,Grade 1,No,Service,Service,<10' FRM Building,Unsurfaced,25,<Null>,<Null>,CGI,RA2302,RA2302,3424,26TH ST N,35th Ave. N,<Null>,Birmingham,"Masjidul Qur'an, <10 ft. from building, strong gas odor",2020,Southern Cross,<Null>,<Null>,2/19/20 14:54,Jackie.Butts1,2/19/20 15:38,Jackie.Butts1,10578961,9200020843,<Null>,<Null>,-86.820323,33.556554
20844,3 Year,Underground,Grade 3,Yes,Meter Swivel,Main,Curb,Unsurfaced,6,<Null>,<Null>,CGI,riser,<Null>,3109,HIGHLAND AVE S,<Null>,<Null>,Birmingham,<Null>,2020,Southern Cross,<Null>,<Null>,2/19/20 15:03,leighton.landrum1,2/19/20 15:03,leighton.landrum1,10579325,9200020844,<Null>,<Null>,-86.778258,33.508486
20846,3 Year,Underground,Grade 3,No,Main,Main,Curb,Concrete,<Null>,5,<Null>,CGI,<Null>,<Null>,2894,35TH AVE N,29th St. N,<Null>,Birmingham,"Gas detected from storm drain, on/near main; BSE Industrial Contractors",2020,Southern Cross,<Null>,<Null>,2/19/20 17:41,Jackie.Butts1,2/19/20 17:41,Jackie.Butts1,10579326,9200020846,<Null>,<Null>,-86.811662,33.559253
20847,3 Year,Underground,Grade 3,No,Main,Main,10' - 20' FRM Building,Concrete,<Null>,10,<Null>,CGI,<Null>,<Null>,2892,35TH AVE N, ,<Null>,Birmingham,"Drainage ditch, gas odor",2020,Southern Cross,<Null>,<Null>,2/19/20 17:53,Jackie.Butts1,2/19/20 17:53,Jackie.Butts1,10579327,9200020847,<Null>,<Null>,-86.812213,33.559118
20848,3 Year,Underground,Grade 3,No,Main,Main,Street,Unsurfaced,7,<Null>,<Null>,CGI,<Null>,<Null>,2892,35TH AVE N,<Null>,<Null>,Birmingham,On/near gas pipeline - between street and sidewalk,2020,Southern Cross,<Null>,<Null>,2/19/20 18:16,Jackie.Butts1,2/19/20 18:16,Jackie.Butts1,10579328,9200020848,<Null>,<Null>,-86.81232,33.559054
20849,3 Year,Underground,Grade 3,No,Main,Main,Curb,Concrete,<Null>,14,<Null>,CGI,<Null>,<Null>,2864,35TH AVE N,<Null>,<Null>,Birmingham,"Storm drain, on/near gas pipeline, strong gas odor",2020,Southern Cross,<Null>,<Null>,2/19/20 18:33,Jackie.Butts1,2/19/20 18:33,Jackie.Butts1,10579329,9200020849,<Null>,<Null>,-86.81272,33.558962
20850,3 Year,Underground,Grade 3,No,Valve,Main,10' - 20' FRM Building,Unsurfaced,<Null>,5,<Null>,CGI,<Null>,<Null>,2848,35TH AVE N,<Null>,<Null>,Birmingham,Gas valve/substructure,2020,Southern Cross,<Null>,<Null>,2/19/20 18:44,Jackie.Butts1,2/19/20 18:49,Jackie.Butts1,10579330,9200020850,<Null>,<Null>,-86.814372,33.558465
20851,3 Year,Underground,Grade 3,No,Main,Main,Sanitary Manhole,Tar Mix,<Null>,4,<Null>,CGI,<Null>,<Null>,2848,35TH AVE N,<Null>,<Null>,Birmingham,City of Birmingham Sanitary Sewer ,2020,Southern Cross,<Null>,<Null>,2/19/20 18:48,Jackie.Butts1,2/19/20 18:48,Jackie.Butts1,10579331,9200020851,<Null>,<Null>,-86.814375,33.5584
20852,3 Year,Underground,Grade 3,No,Main,Main,Curb,Unsurfaced,<Null>,30,<Null>,CGI,<Null>,<Null>,2844,35TH AVE N,<Null>,<Null>,Birmingham,"Below ground - on/near gas pipeline, <5' from street, near fire hydrant ",2020,Southern Cross,<Null>,<Null>,2/19/20 19:02,Jackie.Butts1,2/19/20 19:02,Jackie.Butts1,10579332,9200020852,<Null>,<Null>,-86.814556,33.558428
20854,3 Year,Underground,Grade 3,No,Main,Main,Curb,Unsurfaced,<Null>,33,<Null>,CGI,<Null>,<Null>,2844,35TH AVE N,<Null>,<Null>,Birmingham,Below ground - on/near gas pipeline ,2020,Southern Cross,<Null>,<Null>,2/19/20 19:42,Jackie.Butts1,2/19/20 19:42,Jackie.Butts1,10579334,9200020854,<Null>,<Null>,-86.814595,33.558309
20856,3 Year,Underground,Grade 1,No,Service,Service,<10' FRM Building,Unsurfaced,<Null>,75,<Null>,Soap,BA819200,BA819200,2458,39TH AVE N,<Null>,<Null>,Birmingham,"Exposed/damaged gas line, gas odor, hissing, residence is vacant/unoccupied",2020,Southern Cross,<Null>,<Null>,2/19/20 20:59,Jackie.Butts1,2/19/20 21:25,Jackie.Butts1,10578983,9200020856,<Null>,<Null>,-86.821466,33.560653
20858,3 Year,Underground,Grade 3,No,Service Cock,Service,<10' FRM Building,Unsurfaced,<Null>,<Null>,172,CGI,BA808176,BA808176,2442,39TH AVE N,<Null>,<Null>,Birmingham,Service cock/shut off/union,2020,Southern Cross,<Null>,<Null>,2/21/20 14:31,Jackie.Butts1,2/21/20 14:31,Jackie.Butts1,10579335,9200020858,<Null>,<Null>,-86.821875,33.560422
20867,3 Year,Underground,Grade 3,No,Main,Main,Curb,Unsurfaced,15,<Null>,<Null>,CGI,<Null>,<Null>,3922,24TH ST N,<Null>,<Null>,Birmingham,"Under sidewalk. no gas odor, >50+ from buildings/residences; near Carver HS",2020,Southern Cross,<Null>,<Null>,2/21/20 16:24,Jackie.Butts1,2/21/20 16:24,Jackie.Butts1,10579344,9200020867,<Null>,<Null>,-86.82296,33.560294
20869,3 Year,Underground,Grade 3,No,Main,Main,Street,Tar Mix,<Null>,<Null>,50,CGI,<Null>,<Null>,2418,37TH AVE N,24th St,<Null>,Birmingham,Bell System manhole cover; intersection of 24th St &37th Ave,2020,Southern Cross,<Null>,<Null>,2/21/20 17:52,Jackie.Butts1,2/21/20 17:52,Jackie.Butts1,10579346,9200020869,<Null>,<Null>,-86.82347,33.557926
20872,3 Year,Underground,Grade 3,No,Main,Main,Sanitary Manhole,Tar Mix,<Null>,<Null>,250,CGI,<Null>,<Null>,2525,36TH AVE N,Carraway Blvd,<Null>,Birmingham,City of Birmingham Sanitary Sewer; intersection of 36th Ave & Carraway Blvd,2020,Southern Cross,<Null>,<Null>,2/21/20 18:35,Jackie.Butts1,2/21/20 18:35,Jackie.Butts1,10579348,9200020872,<Null>,<Null>,-86.820465,33.557618
20878,3 Year,Underground,Grade 3,No,Main,Main,Sanitary Manhole,Tar Mix,<Null>,<Null>,190,CGI,<Null>,<Null>,3520,27TH ST N,<Null>,<Null>,Birmingham,City of Birmingham Sanitary Sewer ,2020,Southern Cross,<Null>,<Null>,2/21/20 19:53,Jackie.Butts1,2/21/20 19:53,Jackie.Butts1,10579354,9200020878,<Null>,<Null>,-86.820321,33.557188
21124,3 Year,Underground,Grade 3,No,Meter,Meter,<10' FRM Building,Unsurfaced,<Null>,<Null>,107,CGI,BA647434,BA647434,2317,36TH AVE N,<Null>,<Null>,<Null>,Customer side,2020,Southern Cross,<Null>,<Null>,2/25/20 14:37,Jackie.Butts1,2/25/20 14:37,Jackie.Butts1,10579358,9200021124,<Null>,<Null>,-86.824093,33.556524
21125,3 Year,Underground,Grade 3,No,Meter,Meter,<10' FRM Building,Unsurfaced,<Null>,<Null>,50,CGI,<Null>,<Null>,2311,36TH AVE N,<Null>,<Null>,<Null>,Gas detected under house - unable to access meter,2020,Southern Cross,<Null>,<Null>,2/25/20 14:49,Jackie.Butts1,2/25/20 14:49,Jackie.Butts1,10579359,9200021125,<Null>,<Null>,-86.82421,33.556309
21128,3 Year,Underground,Grade 3,No,Main,Main,Sanitary Manhole,Tar Mix,<Null>,<Null>,50,CGI,<Null>,<Null>,2240,36TH AVE N,<Null>,<Null>,<Null>,City of Birmingham Sanitary Sewer - methane detected,2020,Southern Cross,<Null>,<Null>,2/25/20 15:10,Jackie.Butts1,2/25/20 15:10,Jackie.Butts1,10579630,9200021128,<Null>,<Null>,-86.824455,33.556555
21130,3 Year,Underground,Grade 3,No,Main,Main,Street,Concrete,<Null>,9,<Null>,CGI,Riser,Riser,1401,12TH AVE N,<Null>,<Null>,<Null>,Leak found in Street patch,2020,Southern Cross,<Null>,<Null>,2/25/20 15:58,leighton.landrum1,2/25/20 15:58,leighton.landrum1,10579632,9200021130,<Null>,<Null>,-86.822058,33.523512
21132,3 Year,Underground,Grade 2,No,Service,Service,10' - 20' FRM Building,Unsurfaced,<Null>,52,<Null>,CGI,BA775394,BA775394,3618,24TH ST N,<Null>,<Null>,<Null>,"<10+ ft. from residence, gas odor",2020,Southern Cross,<Null>,<Null>,2/25/20 16:22,Jackie.Butts1,2/25/20 16:22,Jackie.Butts1,10579633,9200021132,<Null>,<Null>,-86.823676,33.557532
21139,3 Year,Underground,Grade 3,No,Main,Main,10' - 20' FRM Building,Concrete,<Null>,2,<Null>,CGI,<Null>,<Null>,2428,34TH AVE N,25th St.N,<Null>,<Null>,"Gas detected from storm drain, strong gas odor in area",2020,Southern Cross,<Null>,<Null>,2/25/20 20:14,Jackie.Butts1,2/25/20 20:15,Jackie.Butts1,10579638,9200021139,<Null>,<Null>,-86.821216,33.555452
21140,3 Year,Underground,Grade 2,No,Main,Main,10' - 20' FRM Building,Unsurfaced,30,<Null>,<Null>,CGI,<Null>,<Null>,2428,34TH AVE N,25th St. N.,<Null>,<Null>,"On/near gas pipeline, strong gas odor, resident complaint of gas odor, readings 30% - 85% gas",2020,Southern Cross,<Null>,<Null>,2/25/20 20:35,Jackie.Butts1,2/25/20 20:37,Jackie.Butts1,10579639,9200021140,<Null>,<Null>,-86.821226,33.555375
21146,3 Year,Underground,Grade 3,No,Service Cock,Meter,<10' FRM Building,Unsurfaced,<Null>,<Null>,134,CGI,BA929864,BA929864,2305,35TH AVE N,<Null>,<Null>,<Null>,Cut off/service cock,2020,Southern Cross,<Null>,<Null>,2/26/20 14:26,Jackie.Butts1,2/26/20 14:26,Jackie.Butts1,10579643,9200021146,<Null>,<Null>,-86.824127,33.555431
21148,3 Year,Underground,Grade 3,No,Service Riser,Service,<10' FRM Building,Unsurfaced,<Null>,4,440,CGI,<Null>,<Null>,1833,15TH AVE N,<Null>,C,<Null>,Apt/Suite C,2020,Southern Cross,<Null>,<Null>,2/26/20 14:43,Joel.Gibson1,2/26/20 14:44,Joel.Gibson1,10579645,9200021148,<Null>,<Null>,-86.818824,33.529985
21149,3 Year,Underground,Grade 3,No,Main,Main,Curb,Concrete,<Null>,4,<Null>,CGI,N/A,N/A,2128,35TH AVE N,Between 35th and 36th Ave. N,<Null>,<Null>,Drain - beneath sidewalk; Between 35th and 36th Ave. N at alley,2020,Southern Cross,<Null>,<Null>,2/26/20 14:50,Jackie.Butts1,2/26/20 14:50,Jackie.Butts1,10579646,9200021149,<Null>,<Null>,-86.826133,33.555444
21152,3 Year,Underground,Grade 3,No,Main,Main,Street,Tar Mix,<Null>,4,402,CGI,<Null>,<Null>,1805,14TH AVE N,<Null>,<Null>,<Null>,gas valve in street ,2020,Southern Cross,<Null>,<Null>,2/26/20 15:21,Joel.Gibson1,2/26/20 15:21,Joel.Gibson1,10579648,9200021152,<Null>,<Null>,-86.819203,33.52848
21154,3 Year,Underground,Grade 2,No,Main,Main,Curb,Concrete,<Null>,82,<Null>,CGI,N/A,N/A,2128,35TH AVE N,35th/36th Ave. N,<Null>,<Null>,"Under sidewalk - on/near gas pipeline, gas odor; Between 35th and 36th Ave. N at alley",2020,Southern Cross,<Null>,<Null>,2/26/20 15:47,Jackie.Butts1,2/26/20 15:47,Jackie.Butts1,10579650,9200021154,<Null>,<Null>,-86.826129,33.555484
21157,3 Year,Underground,Grade 2,No,Main,Main,Street,Tar Mix,79,<Null>,<Null>,Odor,N/A,N/A,2128,35TH AVE N,22nd St. N,<Null>,<Null>,"Cracks in street, on/near gas pipeline, gas odor; 35th Ave & 22nd St Intersection",2020,Southern Cross,<Null>,<Null>,2/26/20 16:09,Jackie.Butts1,2/26/20 16:44,Jackie.Butts1,10579653,9200021157,<Null>,<Null>,-86.825878,33.554992
21158,3 Year,Underground,Grade 3,No,Main,Main,Sanitary Manhole,Tar Mix,<Null>,5,<Null>,CGI,N/A,N/A,2505,32ND AVE N,<Null>,<Null>,<Null>,City of Birmingham Sanitary Sewer ,2020,Southern Cross,<Null>,<Null>,2/26/20 20:34,Jackie.Butts1,2/26/20 20:34,Jackie.Butts1,10579654,9200021158,<Null>,<Null>,-86.819847,33.55341
21159,3 Year,Underground,Grade 3,No,Main,Main,Sanitary Manhole,<Null>,<Null>,<Null>,50,CGI,<Null>,<Null>,2429,32ND AVE N,<Null>,<Null>,<Null>,"City of Birmingham Storm Sewer, methane detected ",2020,Southern Cross,<Null>,<Null>,2/26/20 20:53,Jackie.Butts1,2/26/20 20:53,Jackie.Butts1,10579655,9200021159,<Null>,<Null>,-86.820429,33.553351
21160,3 Year,Underground,Grade 1,No,Service,Service,10' - 20' FRM Building,Unsurfaced,85,<Null>,<Null>,CGI,<Null>,<Null>,2510,32ND AVE N,<Null>,<Null>,<Null>,"Front yard, gas odor",2020,Southern Cross,<Null>,<Null>,2/26/20 21:18,Jackie.Butts1,2/26/20 21:26,Jackie.Butts1,20521102,9200021160,<Null>,<Null>,-86.819735,33.553603
21163,3 Year,Underground,Grade 3,No,Service Cock,Service,10' - 20' FRM Building,Unsurfaced,<Null>,3,442,CGI,<Null>,<Null>,1808,13TH CT N,<Null>,<Null>,<Null>,SLO,2020,Southern Cross,<Null>,<Null>,2/27/20 13:45,Joel.Gibson1,2/27/20 13:46,Joel.Gibson1,10579656,9200021163,<Null>,<Null>,-86.818553,33.527982
21164,3 Year,Underground,Grade 3,No,Service Riser,Meter,<10' FRM Building,Unsurfaced,<Null>,2,<Null>,CGI,RISER ONLY,RISER ONLY,2417,32ND AVE N,<Null>,<Null>,<Null>,RISER ONLY,2020,Southern Cross,<Null>,<Null>,2/27/20 14:35,Jackie.Butts1,2/27/20 14:35,Jackie.Butts1,10579657,9200021164,<Null>,<Null>,-86.820771,33.552928
21170,3 Year,Underground,Grade 3,No,Valve,Main,Street,Tar Mix,<Null>,4,362,CGI,<Null>,<Null>,2111,15TH AVE N,<Null>,<Null>,<Null>,valve in street by alley way ,2020,Southern Cross,<Null>,<Null>,2/27/20 15:34,Joel.Gibson1,2/27/20 15:34,Joel.Gibson1,10579659,9200021170,<Null>,<Null>,-86.81366,33.53399
21178,3 Year,Underground,Grade 3,No,Service Cock,Service,10' - 20' FRM Building,<Null>,<Null>,2,323,CGI,<Null>,<Null>,1914,19TH CT N,<Null>,<Null>,<Null>,<Null>,2020,Southern Cross,<Null>,<Null>,2/27/20 17:29,Joel.Gibson1,2/27/20 17:30,Joel.Gibson1,10579665,9200021178,<Null>,<Null>,-86.820251,33.536724
21180,3 Year,Underground,Grade 3,No,Service Cock,Service,10' - 20' FRM Building,Unsurfaced,<Null>,4,332,CGI,<Null>,<Null>,1935,21ST AVE N,<Null>,<Null>,<Null>,<Null>,2020,Southern Cross,<Null>,<Null>,2/27/20 18:01,Joel.Gibson1,2/27/20 18:01,Joel.Gibson1,10579666,9200021180,<Null>,<Null>,-86.819412,33.536948
21181,3 Year,Underground,Grade 3,No,Main,Main,Street,Tar Mix,<Null>,4,<Null>,CGI,<Null>,<Null>,3112,25TH ST N,<Null>,<Null>,<Null>,Hole in street,2020,Southern Cross,<Null>,<Null>,2/27/20 18:05,Jackie.Butts1,2/27/20 18:05,Jackie.Butts1,10579667,9200021181,<Null>,<Null>,-86.82023,33.552962
21182,3 Year,Underground,Grade 3,No,Valve,Main,Street,Tar Mix,<Null>,<Null>,150,CGI,<Null>,<Null>,2500,30TH AVE N,<Null>,<Null>,<Null>,Gas valve; SW corner 30th Ave & 25th St,2020,Southern Cross,<Null>,<Null>,2/27/20 18:33,Jackie.Butts1,2/27/20 18:33,Jackie.Butts1,10579668,9200021182,<Null>,<Null>,-86.819445,33.551251
21184,3 Year,Underground,Grade 2,No,Main,Main,Curb,Unsurfaced,78,<Null>,<Null>,CGI,<Null>,<Null>,3100,25TH ST N,31st Ave. N,<Null>,<Null>,"15+ ft. from residence, at curb, gas odor; Intersection of 25th St & 31st Ave",2020,Southern Cross,<Null>,<Null>,2/27/20 19:19,Jackie.Butts1,2/27/20 19:19,Jackie.Butts1,10579670,9200021184,<Null>,<Null>,-86.819927,33.552369
21185,3 Year,Underground,Grade 3,Yes,Main,Main,Curb,Concrete,<Null>,5,442,CGI,<Null>,<Null>,2501,22nd Ave N,<Null>,<Null>,<Null>,<Null>,2020,Southern Cross,<Null>,<Null>,2/28/20 13:31,Joel.Gibson1,2/28/20 13:53,Joel.Gibson1,10579671,9200021185,<Null>,<Null>,-86.814848,33.541704
21187,3 Year,Underground,Grade 3,No,Main,Main,Curb,Unsurfaced,<Null>,2,<Null>,Flame Pack,<Null>,<Null>,2105,25TH ST N,<Null>,<Null>,<Null>,<Null>,2020,Southern Cross,<Null>,<Null>,2/28/20 14:55,Meagan.Howard1,2/28/20 14:55,Meagan.Howard1,10579673,9200021187,<Null>,<Null>,-86.814461,33.540907
21197,3 Year,Underground,Grade 3,No,Valve,Main,10' - 20' FRM Building,Unsurfaced,<Null>,15,<Null>,CGI,<Null>,<Null>,2029,35TH AVE N,<Null>,<Null>,<Null>,Gas valve - front yard near curb,2020,Southern Cross,<Null>,<Null>,2/28/20 17:38,Jackie.Butts1,2/28/20 17:38,Jackie.Butts1,10579680,9200021197,<Null>,<Null>,-86.82735,33.5545
21198,3 Year,Underground,Grade 3,Yes,Main,Main,Street,Unsurfaced,<Null>,3,<Null>,Flame Pack,<Null>,<Null>,2720,21ST AVE N,<Null>,<Null>,<Null>,<Null>,2020,Southern Cross,<Null>,<Null>,2/28/20 18:41,Meagan.Howard1,2/28/20 18:46,Meagan.Howard1,10579681,9200021198,<Null>,<Null>,-86.810709,33.542479
21200,3 Year,Underground,Grade 1,No,Service,Service,10' - 20' FRM Building,Unsurfaced,93,<Null>,<Null>,Odor,N/A,N/A,3633/3635,20th St. N,36th Ave. N.,<Null>,<Null>,"Exposed/damaged gas line, vacant lot, strong gas odor, hissing",2020,Southern Cross,<Null>,<Null>,2/28/20 20:29,Jackie.Butts1,2/28/20 20:53,Jackie.Butts1,10579564,9200021200,<Null>,<Null>,-86.828932,33.554796
21442,3 Year,Underground,Grade 3,Yes,<Null>,Main,Street,Concrete,<Null>,9,<Null>,CGI,<Null>,<Null>,1607,17TH ST N,<Null>,<Null>,<Null>,patch in the street,2020,Southern Cross,<Null>,<Null>,3/9/20 13:13,leighton.landrum1,3/9/20 13:13,leighton.landrum1,10579686,9200021442,<Null>,<Null>,-86.822321,33.530948
21443,3 Year,Underground,Grade 2,Yes,<Null>,Main,Curb,Unsurfaced,6,<Null>,<Null>,Odor,RA2199,RA2199,2403,21ST ST N,<Null>,<Null>,<Null>,"in grass, marked with white paint",2020,Southern Cross,<Null>,<Null>,3/9/20 13:15,Meagan.Howard1,3/9/20 16:57,Meagan.Howard1,10579687,9200021443,<Null>,<Null>,-86.821867,33.542707
21446,3 Year,Underground,Grade 3,No,<Null>,Main,Street,Concrete,<Null>,<Null>,451,CGI,<Null>,<Null>,1512,17TH ST N,15th ct n,<Null>,<Null>,<Null>,2020,Southern Cross,<Null>,<Null>,3/9/20 13:30,leighton.landrum1,3/9/20 13:31,leighton.landrum1,10579688,9200021446,<Null>,<Null>,-86.821662,33.529766
21448,3 Year,Underground,Grade 3,No,Service Riser,Service,<10' FRM Building,Unsurfaced,<Null>,65,442,CGI,BA931784,BA931784,2740,16TH CT N,<Null>,<Null>,<Null>,<Null>,2020,Southern Cross,<Null>,<Null>,3/9/20 13:43,Joel.Gibson1,3/9/20 14:23,Joel.Gibson1,10580260,9200021448,<Null>,<Null>,-86.807482,33.538608
21449,3 Year,Underground,Grade 3,No,Service Cock,Service,<10' FRM Building,Concrete,<Null>,4,442,CGI,BA756426,BA756426,2732,16TH CT N,<Null>,<Null>,<Null>,<Null>,2020,Southern Cross,<Null>,<Null>,3/9/20 13:48,Joel.Gibson1,3/9/20 13:48,Joel.Gibson1,10580261,9200021449,<Null>,<Null>,-86.80769,33.538472
21453,3 Year,Underground,Grade 2,Yes,<Null>,Main,Street,Concrete,51,<Null>,<Null>,CGI,<Null>,<Null>,1319,17TH ST N,<Null>,<Null>,<Null>,<Null>,2020,Southern Cross,<Null>,<Null>,3/9/20 16:06,leighton.landrum1,3/9/20 16:06,leighton.landrum1,10580262,9200021453,<Null>,<Null>,-86.81999,33.527482
21454,3 Year,Underground,Grade 3,Yes,<Null>,Main,Street,Concrete,6,<Null>,<Null>,CGI,<Null>,<Null>,1302,17TH ST N,<Null>,<Null>,<Null>,bar holes in Street,2020,Southern Cross,<Null>,<Null>,3/9/20 16:27,leighton.landrum1,3/9/20 16:27,leighton.landrum1,10580263,9200021454,<Null>,<Null>,-86.819513,33.5267
21457,3 Year,Underground,Grade 2,No,<Null>,Main,Street,Tar Mix,50,<Null>,<Null>,CGI,<Null>,<Null>,2129,31ST AVE N,22nd St. N.,<Null>,<Null>,"Gas detected from cracks/holes in street, near patch in street intersection of 31st Ave & 22nd",2020,Southern Cross,<Null>,<Null>,3/9/20 19:51,Jackie.Butts1,3/9/20 19:51,Jackie.Butts1,10580265,9200021457,<Null>,<Null>,-86.824245,33.55108
21458,3 Year,Underground,Grade 3,No,<Null>,<Null>,Sanitary Manhole,Tar Mix,<Null>,<Null>,50,CGI,<Null>,<Null>,2329,29TH AVE N,<Null>,<Null>,<Null>,Methane detected from sewer manhole in street,2020,Southern Cross,<Null>,<Null>,3/9/20 20:25,Jackie.Butts1,3/9/20 20:25,Jackie.Butts1,10580266,9200021458,<Null>,<Null>,-86.820312,33.549471
21465,3 Year,Underground,Grade 1,No,Valve,Main,<10' FRM Building,<Null>,6,<Null>,<Null>,CGI,Meter - no meter #,Meter - no meter #,2130,29TH AVE N,22nd St. N.,<Null>,<Null>,"Below ground gas valves × 2, ",2020,Southern Cross,<Null>,<Null>,3/10/20 18:23,Jackie.Butts1,3/10/20 18:28,Jackie.Butts1,10580004,9200021465,<Null>,<Null>,-86.823509,33.549244
21466,3 Year,Underground,Grade 2,No,<Null>,Main,10' - 20' FRM Building,Unsurfaced,28,<Null>,<Null>,CGI,N/A,N/A,2130,29TH AVE N,22nd St. N.,<Null>,<Null>,"At curb on/near gas pipeline, next to utility pole",2020,Southern Cross,<Null>,<Null>,3/10/20 18:39,Jackie.Butts1,3/10/20 18:48,Jackie.Butts1,10580268,9200021466,<Null>,<Null>,-86.823402,33.549166
21467,3 Year,Underground,Grade 3,No,<Null>,Regulator Station,20'+ FRM Building,Concrete,<Null>,2,<Null>,CGI,N/A,N/A,2131,29TH AVE N,22nd St. N.,<Null>,<Null>,Regulator station ,2020,Southern Cross,<Null>,<Null>,3/10/20 19:08,Jackie.Butts1,3/10/20 19:08,Jackie.Butts1,10580269,9200021467,<Null>,<Null>,-86.823539,33.548874
21469,3 Year,Underground,Grade 3,No,<Null>,<Null>,20'+ FRM Building,Concrete,<Null>,20,<Null>,CGI,N/A,N/A,2131,29TH AVE N, ,<Null>,<Null>,"Regulator station, unable to access",2020,Southern Cross,<Null>,<Null>,3/10/20 19:11,Jackie.Butts1,3/10/20 19:14,Jackie.Butts1,10580270,9200021469,<Null>,<Null>,-86.823639,33.548932
21470,3 Year,Underground,Grade 2,No,<Null>,Main,20'+ FRM Building,Unsurfaced,35,<Null>,<Null>,CGI,N/A,N/A,2224,29TH AVE N,23rd St. N.,<Null>,<Null>,"Around utility pole, on/near gas pipeline",2020,Southern Cross,<Null>,<Null>,3/10/20 20:22,Jackie.Butts1,3/10/20 20:22,Jackie.Butts1,10580271,9200021470,<Null>,<Null>,-86.821955,33.549602
21471,3 Year,Underground,Grade 3,No,Service,Service,Curb,Unsurfaced,<Null>,18,<Null>,CGI,<Null>,<Null>,1330,32ND ST N,<Null>,<Null>,<Null>,in grass under tree,2020,Southern Cross,<Null>,<Null>,3/11/20 12:53,Joel.Gibson1,3/11/20 12:53,Joel.Gibson1,10580272,9200021471,<Null>,<Null>,-86.799706,33.537492
21476,3 Year,Underground,Grade 1,No,<Null>,Main,10' - 20' FRM Building,Unsurfaced,55,<Null>,<Null>,CGI,N/A - Riser only,N/A - Riser only,2129,31ST AVE N,22nd St. N.,<Null>,<Null>,"On/near gas pipeline, gas detected from water valve box, customer expressed concern ",2020,Southern Cross,<Null>,<Null>,3/11/20 14:26,Jackie.Butts1,3/11/20 15:20,Jackie.Butts1,10580045,9200021476,<Null>,<Null>,-86.824128,33.550751
21480,3 Year,Underground,Grade 3,No,<Null>,Regulator Station,<10' FRM Building,Concrete,<Null>,4,<Null>,CGI,N/A,N/A,2429,29TH AVE N,<Null>,<Null>,<Null>,"Regulator station, gas odor",2020,Southern Cross,<Null>,<Null>,3/11/20 16:50,Jackie.Butts1,3/11/20 16:50,Jackie.Butts1,10580276,9200021480,<Null>,<Null>,-86.818994,33.549879
21483,3 Year,Underground,Grade 2,No,Service Riser,Service,20'+ FRM Building,Unsurfaced,<Null>,92,<Null>,CGI,CZ5946,CZ5946,2716,25TH ST N,<Null>,<Null>,<Null>,"Multiple leaks, gas odor",2020,Southern Cross,<Null>,<Null>,3/11/20 17:16,Jackie.Butts1,3/11/20 17:16,Jackie.Butts1,10580278,9200021483,<Null>,<Null>,-86.818359,33.549448
21484,3 Year,Underground,Grade 3,No,Main,Main,20'+ FRM Building,Concrete,<Null>,8,<Null>,CGI,N/A,N/A,2716,25TH ST N,<Null>,<Null>,<Null>,Brown Machine & Welding,2020,Southern Cross,<Null>,<Null>,3/11/20 17:22,Jackie.Butts1,3/11/20 17:28,Jackie.Butts1,10580279,9200021484,<Null>,<Null>,-86.818538,33.549184
21485,3 Year,Underground,Grade 3,No,<Null>,<Null>,Sanitary Manhole,<Null>,<Null>,<Null>,278,CGI,N/A,N/A,2500,27TH AVE N,25th St. N,<Null>,<Null>,"Sewer, methane detected, unable to lift/remove manhole cover ",2020,Southern Cross,<Null>,<Null>,3/11/20 17:39,Jackie.Butts1,3/11/20 17:39,Jackie.Butts1,10580280,9200021485,<Null>,<Null>,-86.818116,33.548358
21486,3 Year,Underground,Grade 3,No,<Null>,Regulator Station,20'+ FRM Building,Concrete,<Null>,4,<Null>,CGI,N/A,N/A,2620,27TH AVE N,25th St. N.,<Null>,<Null>,"Regulator station, unable to open cover",2020,Southern Cross,<Null>,<Null>,3/11/20 17:50,Jackie.Butts1,3/11/20 17:50,Jackie.Butts1,10580281,9200021486,<Null>,<Null>,-86.817091,33.548626
21494,3 Year,Underground,Grade 1,No,Service,Service,<10' FRM Building,Unsurfaced,39,<Null>,<Null>,CGI,BA439778,BA439778,2509/2517,27TH AVE N,<Null>,<Null>,<Null>,"Below ground near meter, <2' from building, gas odor",2020,Southern Cross,<Null>,<Null>,3/11/20 18:41,Jackie.Butts1,3/11/20 18:57,Jackie.Butts1,10580029,9200021494,<Null>,<Null>,-86.817242,33.548336
21495,3 Year,Underground,Grade 2,No,<Null>,Main,10' - 20' FRM Building,Unsurfaced,82,<Null>,<Null>,CGI,N/A,N/A,2429,29TH AVE N,<Null>,<Null>,<Null>,"Along fence, next to railroad tracks, gas odor",2020,Southern Cross,<Null>,<Null>,3/11/20 19:49,Jackie.Butts1,3/11/20 19:49,Jackie.Butts1,10580284,9200021495,<Null>,<Null>,-86.818848,33.549704
21496,3 Year,Underground,Grade 2,No,<Null>,Main,20'+ FRM Building,Unsurfaced,56,<Null>,<Null>,CGI,N/A,N/A,2501,29TH AVE N,<Null>,<Null>,<Null>,"On/near gas pipeline, near railroad tracks, around train crossing signal, gas odor",2020,Southern Cross,<Null>,<Null>,3/11/20 20:02,Jackie.Butts1,3/11/20 20:02,Jackie.Butts1,10580285,9200021496,<Null>,<Null>,-86.818636,33.549898
21498,3 Year,Underground,Grade 3,No,<Null>,<Null>,Sanitary Manhole,Tar Mix,<Null>,<Null>,70,CGI,N/A,N/A,2500,26TH AVE N,<Null>,<Null>,<Null>,Sewer manhole - methane detected,2020,Southern Cross,<Null>,<Null>,3/11/20 20:18,Jackie.Butts1,3/11/20 20:18,Jackie.Butts1,10580286,9200021498,<Null>,<Null>,-86.817622,33.547158
21499,3 Year,Underground,Grade 3,No,Valve,Main,Street,Tar Mix,<Null>,<Null>,100,CGI,N/A,N/A,2614,25TH ST N,26th Ave. N.,<Null>,<Null>,"Gas valve in street, unable to remove cover ",2020,Southern Cross,<Null>,<Null>,3/11/20 20:27,Jackie.Butts1,3/11/20 20:27,Jackie.Butts1,10580287,9200021499,<Null>,<Null>,-86.817778,33.547245
21509,3 Year,Underground,Grade 2,No,<Null>,Main,20'+ FRM Building,Unsurfaced,68,<Null>,<Null>,CGI,N/A,N/A,2408,26TH AVE N,24th St. N.,<Null>,<Null>,"On/near gas pipeline, 5+ ft. from street, across st from 2408",2020,Southern Cross,<Null>,<Null>,3/12/20 16:46,Jackie.Butts1,3/12/20 16:46,Jackie.Butts1,10580288,9200021509,<Null>,<Null>,-86.818589,33.546845
21511,3 Year,Underground,Grade 2,No,<Null>,Main,10' - 20' FRM Building,Unsurfaced,10,<Null>,<Null>,CGI,N/A,N/A,2612,24TH ST N,<Null>,<Null>,<Null>,"Tri-Fab Steel, sidewalk",2020,Southern Cross,<Null>,<Null>,3/12/20 17:16,Jackie.Butts1,3/12/20 17:16,Jackie.Butts1,10580290,9200021511,<Null>,<Null>,-86.819578,33.547455
21515,3 Year,Underground,Grade 2,No,<Null>,Main,Street,Tar Mix,67,<Null>,<Null>,CGI,N/A,N/A,2300,26TH AVE N,23rd St. N.,<Null>,<Null>,On/near gas pipeline ,2020,Southern Cross,<Null>,<Null>,3/12/20 17:49,Jackie.Butts1,3/12/20 17:51,Jackie.Butts1,10580291,9200021515,<Null>,<Null>,-86.820403,33.546188
21522,3 Year,Underground,Grade 3,No,Service Riser,Service,<10' FRM Building,Unsurfaced,<Null>,15,<Null>,Soap,NA 166,NA 166,2501,27TH ST N,<Null>,<Null>,<Null>,Below service cock,2020,Southern Cross,<Null>,<Null>,3/12/20 19:45,Jackie.Butts1,3/13/20 13:43,Jackie.Butts1,10580292,9200021522,<Null>,<Null>,-86.813788,33.54751
21523,3 Year,Underground,Grade 2,No,<Null>,Main,20'+ FRM Building,Unsurfaced,64,<Null>,<Null>,Odor,N/A,N/A,2500,27TH ST N,25th Court N.,<Null>,<Null>,"25th Ct. N. - around utility pole, buried cable, strong gas odor, behind 2500",2020,Southern Cross,<Null>,<Null>,3/12/20 20:31,Jackie.Butts1,3/12/20 20:37,Jackie.Butts1,10580293,9200021523,<Null>,<Null>,-86.814853,33.547156
21532,3 Year,Underground,Grade 3,No,Nipple,Service,20'+ FRM Building,Unsurfaced,<Null>,2,<Null>,Soap,N/A,N/A,2400,27TH ST N,<Null>,<Null>,<Null>,First cut regulator - union,2020,Southern Cross,<Null>,<Null>,3/13/20 14:10,Jackie.Butts1,3/13/20 14:14,Jackie.Butts1,10580296,9200021532,<Null>,<Null>,-86.813064,33.544541
21545,3 Year,Underground,Grade 2,No,<Null>,Main,Curb,Unsurfaced,62,<Null>,<Null>,CGI,N/A,N/A,2433,CARRAWAY BLVD,Finley Blvd.,<Null>,<Null>,"Gas detected around utility pole at curb, across from convenience store, strong gas odor",2020,Southern Cross,<Null>,<Null>,3/13/20 15:37,Jackie.Butts1,3/13/20 16:21,Jackie.Butts1,10580299,9200021545,<Null>,<Null>,-86.815396,33.54623
21547,3 Year,Underground,Grade 2,No,<Null>,Main,Curb,Unsurfaced,91,<Null>,<Null>,CGI,N/A,N/A,2624,25TH ST N,between 26th Ave. N./25th Ct. N.,<Null>,<Null>,"On/near gas pipeline, vacant lot, buried cable, gas odor, at curb. from cracks in asphalt/street",2020,Southern Cross,<Null>,<Null>,3/13/20 17:08,Jackie.Butts1,3/13/20 17:09,Jackie.Butts1,10580301,9200021547,<Null>,<Null>,-86.817569,33.546625
21548,3 Year,Underground,Grade 2,No,<Null>,Main,Street,Tar Mix,75,<Null>,<Null>,CGI,N/A,N/A,2520,25TH ST N,25th Ct. N.,<Null>,<Null>,"Holes in asphalt, patches in street, gas odor, Int. 25th St & 25th Ct",2020,Southern Cross,<Null>,<Null>,3/13/20 17:17,Jackie.Butts1,3/13/20 17:17,Jackie.Butts1,10580302,9200021548,<Null>,<Null>,-86.817549,33.546318
21550,3 Year,Underground,Grade 3,No,<Null>,<Null>,Sanitary Manhole,Tar Mix,<Null>,4,<Null>,CGI,N/A,N/A,2510,24TH ST N,25th Ct. N.,<Null>,<Null>,City of Birmingham Sewer manhole,2020,Southern Cross,<Null>,<Null>,3/13/20 18:11,Jackie.Butts1,3/13/20 18:11,Jackie.Butts1,10580303,9200021550,<Null>,<Null>,-86.818834,33.545841
21557,3 Year,Underground,Grade 2,No,<Null>,Main,Curb,Unsurfaced,38,<Null>,<Null>,CGI,N/A,N/A,2510,24TH ST N,25th Court N.,<Null>,<Null>,"On/near gas pipeline, at curb, gas odor",2020,Southern Cross,<Null>,<Null>,3/13/20 18:54,Jackie.Butts1,3/13/20 18:54,Jackie.Butts1,10580304,9200021557,<Null>,<Null>,-86.818761,33.545802
21558,3 Year,Underground,Grade 2,No,<Null>,Main,Curb,Unsurfaced,80,<Null>,<Null>,CGI,N/A,N/A,2580,24TH ST N,between 26th Ave. N. and 24th Ct. N.,<Null>,<Null>,"At sidewalk, near Hopewell MBC, bet. 26th Ave  25th Ct",2020,Southern Cross,<Null>,<Null>,3/13/20 19:03,Jackie.Butts1,3/13/20 19:07,Jackie.Butts1,10580305,9200021558,<Null>,<Null>,-86.818959,33.546106
21559,3 Year,Underground,Grade 2,No,<Null>,Main,Curb,Unsurfaced,93,<Null>,<Null>,CGI,N/A,N/A,2580,24TH ST N,between 26th Ave. N. and 25th Ct. N,<Null>,<Null>,"On/near gas pipeline, at utility pole, near Hopewell MBC, bet. 26th Ave  25th Ct",2020,Southern Cross,<Null>,<Null>,3/13/20 19:14,Jackie.Butts1,3/13/20 19:14,Jackie.Butts1,10580306,9200021559,<Null>,<Null>,-86.818987,33.546253
21560,3 Year,Underground,Grade 2,No,<Null>,Main,Curb,Unsurfaced,50,<Null>,<Null>,CGI,N/A,N/A,2508,25TH ST N,Finley Blvd.,<Null>,<Null>,"At curb, on/near gas pipeline, gas odor, bet 25th st * 25th Ct",2020,Southern Cross,<Null>,<Null>,3/13/20 20:38,Jackie.Butts1,3/13/20 20:38,Jackie.Butts1,10580307,9200021560,<Null>,<Null>,-86.817263,33.54601
21561,3 Year,Underground,Grade 1,No,Meter,Meter,<Null>,Unsurfaced,2,<Null>,<Null>,CGI,<Null>,gas reading inside the house meter locate under ho,2311,36TH AVE N,<Null>,<Null>,<Null>,<Null>,2020,Southern Cross,<Null>,<Null>,3/2/20 20:35,leighton.landrum1,3/2/20 20:37,leighton.landrum1,10579608,9200021561,<Null>,<Null>,-86.824266,33.556461
21566,3 Year,Underground,Grade 3,No,Service Cock,Service,<10' FRM Building,Unsurfaced,<Null>,4,<Null>,Soap,BA602730,BA602730,2213,34th Ave N,<Null>,<Null>,<Null>,<Null>,2020,Southern Cross,<Null>,<Null>,3/3/20 16:09,Jackie.Butts1,3/3/20 16:09,Jackie.Butts1,10580310,9200021566,<Null>,<Null>,-86.824777,33.553922
21568,3 Year,Underground,Grade 3,No,Service Cock,Service,<10' FRM Building,Unsurfaced,<Null>,<Null>,168,Soap,BA2908788,BA2908788,1466,22ND ST N,<Null>,<Null>,<Null>,<Null>,2020,Southern Cross,<Null>,<Null>,3/3/20 17:08,Joel.Gibson1,3/3/20 17:08,Joel.Gibson1,10580312,9200021568,<Null>,<Null>,-86.813214,33.533435
21570,3 Year,Underground,Grade 2,No,Main,Main,Street,<Null>,90,<Null>,<Null>,CGI,<Null>,<Null>,2128,33rd Ave N,Gas pipeline on 22nd St. N.,<Null>,<Null>,"On/near gas pipeline on 22nd St. N., end of driveway at 2128 33rd Ave. N., strong gas odor",2020,Southern Cross,<Null>,<Null>,3/3/20 20:03,Jackie.Butts1,3/3/20 20:03,Jackie.Butts1,10580314,9200021570,<Null>,<Null>,-86.825281,33.553356
21573,3 Year,Underground,Grade 3,No,Valve,Main,Street,Tar Mix,<Null>,<Null>,25,CGI,<Null>,<Null>,1928,33rd Ave N,30th St. N,<Null>,<Null>,Gas valve in street,2020,Southern Cross,<Null>,<Null>,3/6/20 14:58,Jackie.Butts1,3/6/20 14:58,Jackie.Butts1,10580316,9200021573,<Null>,<Null>,-86.827952,33.552284
21575,3 Year,Underground,Grade 3,No,Service Cock,Service,<10' FRM Building,Unsurfaced,<Null>,8,<Null>,CGI,BA454517,BA454517,1531,21ST PL N,<Null>,<Null>,<Null>,<Null>,2020,Southern Cross,<Null>,<Null>,3/6/20 15:05,Joel.Gibson1,3/6/20 15:05,Joel.Gibson1,10580317,9200021575,<Null>,<Null>,-86.813391,33.53474
21584,3 Year,Underground,Grade 2,No,Main,Main,Street,Unsurfaced,50,<Null>,<Null>,CGI,N/A,N/A,3220,22ND ST N,Between 32nd Ave. N. and 33rd Ave. N, ,<Null>,"Vacant lot, slight gas odor, gas detected along pipeline; on 22nd bet. 32nd & 33rd near alley ",2020,Southern Cross,<Null>,<Null>,3/6/20 19:59,Jackie.Butts1,3/6/20 20:05,Jackie.Butts1,10580322,9200021584,<Null>,<Null>,-86.824887,33.552609
21764,3 Year,Underground,Grade 2,No,<Null>,Main,<Null>,Unsurfaced,54,<Null>,<Null>,Odor,N/A,N/A,2507,23RD AVE N,<Null>,<Null>,<Null>,"<5' from street, strong gas odor",2020,Southern Cross,<Null>,<Null>,3/16/20 16:07,Jackie.Butts1,3/16/20 16:08,Jackie.Butts1,10580325,9200021764,<Null>,<Null>,-86.814667,33.54291
21765,3 Year,Underground,Grade 2,No,<Null>,Main,Street,Unsurfaced,75,<Null>,<Null>,CGI,N/A,N/A,2507,23RD AVE N,<Null>,<Null>,<Null>,"Next to railroad tracks, strong gas odor",2020,Southern Cross,<Null>,<Null>,3/16/20 16:15,Jackie.Butts1,3/16/20 16:15,Jackie.Butts1,10580326,9200021765,<Null>,<Null>,-86.814666,33.542875
21767,3 Year,Underground,Grade 2,No,<Null>,Main,Street,Tar Mix,88,<Null>,<Null>,CGI,N/A,N/A,2511,23RD AVE N,<Null>,<Null>,<Null>,"Under street, holes in street, strong gas odor",2020,Southern Cross,<Null>,<Null>,3/16/20 16:25,Jackie.Butts1,3/16/20 16:25,Jackie.Butts1,10580327,9200021767,<Null>,<Null>,-86.814779,33.542804
21768,3 Year,Underground,Grade 2,No,<Null>,Main,<Null>,Unsurfaced,83,<Null>,<Null>,CGI,N/A,N/A,2511,23RD AVE N,<Null>,<Null>,<Null>,Around pipe coming from ground,2020,Southern Cross,<Null>,<Null>,3/16/20 16:31,Jackie.Butts1,3/16/20 16:31,Jackie.Butts1,10580328,9200021768,<Null>,<Null>,-86.814823,33.542723
21769,3 Year,Underground,Grade 2,No,<Null>,Main,<Null>,Concrete,20,<Null>,<Null>,CGI,N/A,N/A,2509,23RD AVE N,25th St. N.,<Null>,<Null>,"Debris pile, appears to be demolished house, detected from cracks in concrete",2020,Southern Cross,<Null>,<Null>,3/16/20 16:47,Jackie.Butts1,3/16/20 16:47,Jackie.Butts1,10580329,9200021769,<Null>,<Null>,-86.815034,33.542635
21770,3 Year,Underground,Grade 2,No,Main,Main,Storm Manhole,Tar Mix,<Null>,35,<Null>,CGI,N/A,N/A,2305,25TH ST N,25th St. N., ,<Null>,"Gas pipeline, around RR crossing signal, at RR tracks next to Aramark",2020,Southern Cross,<Null>,<Null>,3/16/20 16:56,Jackie.Butts1,3/16/20 16:56,Jackie.Butts1,10580620,9200021770,<Null>,<Null>,-86.81564,33.542415
21771,3 Year,Underground,Grade 2,No,<Null>,Main,Curb,Unsurfaced,20,<Null>,<Null>,CGI,N/A,N/A,2223,25TH ST N,22nd Ave. N./23rd Ave. N.,<Null>,<Null>,"Near Aramark, between street and sidewalk, gas odor ",2020,Southern Cross,<Null>,<Null>,3/16/20 17:07,Jackie.Butts1,3/16/20 17:07,Jackie.Butts1,10580621,9200021771,<Null>,<Null>,-86.815221,33.541883
21772,3 Year,Underground,Grade 2,No,<Null>,Main,Curb,Unsurfaced,57,<Null>,<Null>,CGI,N/A,N/A,2227,25TH ST N,22nd/23rd Ave. N. - near Aramark,<Null>,<Null>,"Between street and sidewalk, gas odor, near Aramark",2020,Southern Cross,<Null>,<Null>,3/16/20 17:12,Jackie.Butts1,3/16/20 17:12,Jackie.Butts1,10580622,9200021772,<Null>,<Null>,-86.81526,33.541929
21773,3 Year,Underground,Grade 2,No,<Null>,Main,Curb,Unsurfaced,25,<Null>,<Null>,CGI,N/A,N/A,2220,25TH ST N,22nd/23rd Ave. N.,<Null>,<Null>,"At curb, around utility pole, buried cable",2020,Southern Cross,<Null>,<Null>,3/16/20 17:20,Jackie.Butts1,3/16/20 17:20,Jackie.Butts1,10580623,9200021773,<Null>,<Null>,-86.815303,33.542016
21774,3 Year,Underground,Grade 2,No,Main,Main,20'+ FRM Building,Unsurfaced,64,<Null>,<Null>,CGI,N/A,N/A,2305,25TH ST N,23rd Ave. N.,<Null>,<Null>,Methane detected from storm/sanitary manhole in street; int. 23rd & 25th,2020,Southern Cross,<Null>,<Null>,3/16/20 17:46,Jackie.Butts1,3/16/20 17:46,Jackie.Butts1,10580624,9200021774,<Null>,<Null>,-86.81569,33.542531
21775,3 Year,Underground,Grade 2,No,<Null>,Main,Street,Tar Mix,80,<Null>,<Null>,CGI,N/A,N/A,2312,25TH ST N,23rd Ct. N./23rd Ave. N.,<Null>,<Null>,"Hole in street, patch in street, 15' - 20' from building",2020,Southern Cross,<Null>,<Null>,3/16/20 17:56,Jackie.Butts1,3/16/20 17:57,Jackie.Butts1,10580625,9200021775,<Null>,<Null>,-86.816017,33.54307
21777,3 Year,Underground,Grade 2,No,<Null>,Main,Curb,Unsurfaced,48,<Null>,<Null>,CGI,N/A,N/A,2312,25TH ST N,23rd Ct. N.,<Null>,<Null>,"At curb, 15' ft. from building",2020,Southern Cross,<Null>,<Null>,3/16/20 18:03,Jackie.Butts1,3/16/20 18:03,Jackie.Butts1,10580626,9200021777,<Null>,<Null>,-86.816046,33.543092
21778,3 Year,Underground,Grade 1,No,<Null>,Main,<10' FRM Building,Unsurfaced,23,<Null>,<Null>,CGI,N/A,N/A,2312,25TH ST N,23rd Ct. N.,<Null>,<Null>,"43% gas at curb, 80% gas from hole in street, 10+% - 20+% gas within 10' ft. of building",2020,Southern Cross,<Null>,<Null>,3/16/20 18:26,Jackie.Butts1,3/16/20 20:29,Jackie.Butts1,10580254,9200021778,<Null>,<Null>,-86.815987,33.543046
21783,3 Year,Underground,Grade 2,No,<Null>,Main,Curb,Concrete,45,<Null>,<Null>,CGI,N/A,N/A,2498,24t St N,On 24th St between 24th Ct. N. and Finley Blvd.,<Null>,<Null>,"Holes in sidewalk, <5' from street, across from Southway Crane & Rigging on 24th Sr. N.",2020,Southern Cross,<Null>,<Null>,3/16/20 19:50,Jackie.Butts1,3/16/20 19:50,Jackie.Butts1,10580627,9200021783,<Null>,<Null>,-86.818394,33.544896
21787,3 Year,Underground,Grade 3,Yes,<Null>,Service,Curb,Concrete,<Null>,<Null>,10,Flame Pack,<Null>,<Null>,2515,6TH AVE S,<Null>,A,<Null>,Apt/Unit A,2020,Southern Cross,<Null>,<Null>,3/17/20 13:03,Vladimere.Bohemond1,3/17/20 13:03,Vladimere.Bohemond1,10580628,9200021787,<Null>,<Null>,-86.793357,33.51039
21792,3 Year,Underground,Grade 2,No,<Null>,Main,20'+ FRM Building,Unsurfaced,36,<Null>,<Null>,CGI,N/A,N/A,2401,22nd St N,24th Ave. N.,<Null>,<Null>,"On/near gas pipeline on 24th Ave. N., 30% - 60+% gas, gas odor, <5' from street. yard",2020,Southern Cross,<Null>,<Null>,3/17/20 13:58,Jackie.Butts1,3/17/20 13:58,Jackie.Butts1,10580629,9200021792,<Null>,<Null>,-86.82049,33.543114
21796,3 Year,Underground,Grade 3,Yes,<Null>,Service,<Null>,Unsurfaced,<Null>,6,<Null>,<Null>,<Null>,<Null>,3800,5th Ave S,<Null>,<Null>,<Null>,leak is in the alley marked by yellow 20,2020,Southern Cross,<Null>,<Null>,3/17/20 14:36,Vladimere.Bohemond1,3/20/20 3:45,chris.wright1,10580632,9200021796,<Null>,<Null>,-86.776402,33.520709
21805,3 Year,Underground,Grade 2,No,<Null>,Main,10' - 20' FRM Building,Unsurfaced,20,<Null>,<Null>,CGI,N/A,N/A,4008,24t St N,<Null>,<Null>,<Null>,"At street, on/near gas pipeline, near Big B Food Mart, in front of vacant building",2020,Southern Cross,<Null>,<Null>,3/17/20 17:34,Jackie.Butts1,3/17/20 17:34,Jackie.Butts1,10580637,9200021805,<Null>,<Null>,-86.823409,33.562211
21812,3 Year,Underground,Grade 2,Yes,Service,First Cut Regulator,<10' FRM Building,<Null>,6,<Null>,<Null>,Flame Pack,<Null>,<Null>,2824,5th Ave S,<Null>,<Null>,<Null>,<Null>,2020,Southern Cross,<Null>,<Null>,3/17/20 19:19,Vladimere.Bohemond1,3/20/20 3:41,chris.wright1,10580640,9200021812,<Null>,<Null>,-86.789429,33.51391
21813,3 Year,Underground,Grade 1,Yes,<Null>,Service,<10' FRM Building,Unsurfaced,6,<Null>,<Null>,<Null>,<Null>,<Null>,2824,5th Ave S,<Null>,<Null>,<Null>,<Null>,2020,Southern Cross,<Null>,<Null>,3/17/20 19:40,Vladimere.Bohemond1,3/20/20 3:39,chris.wright1,10580338,9200021813,<Null>,<Null>,-86.789415,33.51393
21827,3 Year,Underground,Grade 3,No,Main,Main,Sanitary Manhole,Tar Mix,<Null>,2,<Null>,CGI,N/A,N/A,4105,23RD LN N,<Null>,<Null>,<Null>,Methane detected - City of Birmingham Sanitary Sewer ,2020,Southern Cross,<Null>,<Null>,3/18/20 14:17,Jackie.Butts1,3/18/20 14:17,Jackie.Butts1,10580645,9200021827,<Null>,<Null>,-86.823219,33.564946
21828,3 Year,Underground,Grade 2,No,<Null>,Main,20'+ FRM Building,Unsurfaced,21,<Null>,<Null>,CGI,N/A,N/A,4112,23RD LN N,<Null>,<Null>,<Null>,"On/near gas pipeline, near fire hydrant/utility pole, gas odor",2020,Southern Cross,<Null>,<Null>,3/18/20 14:35,Jackie.Butts1,3/18/20 14:35,Jackie.Butts1,10580646,9200021828,<Null>,<Null>,-86.823228,33.565061
21846,Aldyl A,Underground,Grade 3,Yes,<Null>,Main,Curb,Unsurfaced,11,<Null>,<Null>,CGI,0,0,6103,5th St S,<Null>,<Null>,<Null>,<Null>,2020,Southern Cross,<Null>,<Null>,3/19/20 14:22,keith.jones1,3/19/20 14:22,keith.jones1,10580655,9200021846,<Null>,<Null>,-86.922494,33.422261
21865,3 Year,Underground,Grade 3,No,<Null>,Main,Street,Tar Mix,<Null>,2,<Null>,CGI,N/A,N/A,2230,13TH AVE N,<Null>,<Null>,<Null>,Gas detected in/around manhole cover in street - ELECTRIC,2020,Southern Cross,<Null>,<Null>,3/20/20 15:35,Jackie.Butts1,3/20/20 15:35,Jackie.Butts1,10580661,9200021865,<Null>,<Null>,-86.811112,33.530408
21870,3 Year,Underground,Grade 2,No,Main,Main,20'+ FRM Building,Unsurfaced,<Null>,50,<Null>,CGI,N/A,N/A,2112,12TH AVE N,22nd St. N.,<Null>,<Null>,"Gas detected from conduit - electrical in ground, utility pole, traffic control box",2020,Southern Cross,<Null>,<Null>,3/20/20 16:28,Jackie.Butts1,3/20/20 16:31,Jackie.Butts1,10580663,9200021870,<Null>,<Null>,-86.811629,33.528444
21871,3 Year,Underground,Grade 3,No,<Null>,Main,Storm Manhole,Tar Mix,<Null>,6,<Null>,CGI,N/A,N/A,2131,12TH AVE N,22nd St. N.,<Null>,<Null>,"City of Birmingham Storm Sewer in street, gas odor",2020,Southern Cross,<Null>,<Null>,3/20/20 16:36,Jackie.Butts1,3/20/20 16:38,Jackie.Butts1,10580664,9200021871,<Null>,<Null>,-86.811522,33.528286
21872,3 Year,Underground,Grade 3,No,<Null>,Main,10' - 20' FRM Building,Concrete,<Null>,4,<Null>,CGI,N/A,N/A,2131,12TH AVE N,<Null>,<Null>,<Null>,"Gas detected from storm drain, City of Birmingham Storm Sewer ",2020,Southern Cross,<Null>,<Null>,3/20/20 16:40,Jackie.Butts1,3/20/20 16:40,Jackie.Butts1,10580665,9200021872,<Null>,<Null>,-86.81152,33.528282
21874,3 Year,Underground,Grade 2,No,<Null>,Main,Curb,Tar Mix,30,<Null>,<Null>,CGI,N/A,N/A,2131,12TH AVE N,22nd St. N.,<Null>,<Null>,"Curb, 15' - 20' from building, gas odor, occupants of office complaint of odor",2020,Southern Cross,<Null>,<Null>,3/20/20 19:06,Jackie.Butts1,3/20/20 19:06,Jackie.Butts1,10580666,9200021874,<Null>,<Null>,-86.811558,33.528216
22083,3 Year,Underground,Grade 2,No,<Null>,First Cut Regulator,10' - 20' FRM Building,Unsurfaced,<Null>,40,<Null>,Soap,N/A,N/A,2318,12th Ave. N.,between 23rd St. N. and 24th St. N.,<Null>,<Null>,"HPR/first cut, slight gas odor, Greater Bham Ministries",2020,Southern Cross,<Null>,<Null>,3/24/20 13:31,Jackie.Butts1,3/24/20 13:38,Jackie.Butts1,10580911,9200022083,<Null>,<Null>,-86.809696,33.529469
22085,3 Year,Underground,Grade 3,No,<Null>,Service,Sanitary Manhole,Concrete,<Null>,2,<Null>,CGI,N/A,N/A,1201,22nd St N,<Null>,<Null>,<Null>,"Methane detected from City of Birmingham Sanitary Sewer, sewage odor",2020,Southern Cross,<Null>,<Null>,3/24/20 13:56,Jackie.Butts1,3/24/20 16:09,Jackie.Butts1,10580912,9200022085,<Null>,<Null>,-86.811243,33.529282
22087,3 Year,Underground,Grade 3,No,<Null>,Regulator Station,20'+ FRM Building,Concrete,<Null>,15,<Null>,CGI,N/A,N/A,1289,22nd St N,13 Ave. N.,<Null>,<Null>,Regulator station at corner of 22nd St. N. and 13th Ave. N.,2020,Southern Cross,<Null>,<Null>,3/24/20 14:16,Jackie.Butts1,3/24/20 14:21,Jackie.Butts1,10582056,9200022087,<Null>,<Null>,-86.812287,33.529552
22088,3 Year,Underground,Grade 2,No,Valve,Main,20'+ FRM Building,Concrete,40,<Null>,<Null>,CGI,N/A,N/A,1289,22nd St N,13th Ave. N.,<Null>,<Null>,Gas valve near regulator station on corner of 22nd St. N. and 13th Ave. N.,2020,Southern Cross,<Null>,<Null>,3/24/20 14:20,Jackie.Butts1,3/24/20 14:20,Jackie.Butts1,10580913,9200022088,<Null>,<Null>,-86.81234,33.529629
22091,3 Year,Underground,Grade 2,No,<Null>,Main,20'+ FRM Building,Unsurfaced,54,<Null>,<Null>,CGI,N/A,N/A,1291,22nd St N,13th Ave. N.,<Null>,<Null>,"Below ground, on/near gas pipeline, next to regulator station on 22nd St. N./13th Ave. N. ",2020,Southern Cross,<Null>,<Null>,3/24/20 14:36,Jackie.Butts1,3/24/20 14:36,Jackie.Butts1,10580915,9200022091,<Null>,<Null>,-86.812313,33.529571
22092,3 Year,Underground,Grade 3,No,<Null>,Main,Street,Tar Mix,<Null>,5,<Null>,CGI,N/A,N/A,1289,22nd St N,13th Ave. N.,<Null>,<Null>,Gas detected from manhole on 22nd St. N./13th Ave. N.,2020,Southern Cross,<Null>,<Null>,3/24/20 14:42,Jackie.Butts1,3/24/20 14:42,Jackie.Butts1,10580916,9200022092,<Null>,<Null>,-86.812312,33.529604
22094,3 Year,Underground,Grade 3,Yes,<Null>,Service,Curb,Unsurfaced,<Null>,19,<Null>,CGI,ba571881,<Null>,1620,REVEREND ABRAHAM WOODS JR BLVD,<Null>,<Null>,<Null>,<Null>,2020,Southern Cross,<Null>,<Null>,3/24/20 14:51,leighton.landrum1,3/24/20 14:52,leighton.landrum1,10580917,9200022094,<Null>,<Null>,-86.815176,33.519438
22095,3 Year,Underground,Grade 2,No,<Null>,Main,Street,Concrete,<Null>,45,<Null>,CGI,N/A,N/A,2131,12th Ave N,22nd St. N.,<Null>,<Null>,"Gas detected from CATV cover in street, near Bahakel & Bahakel and Civic Center Health Rehab",2020,Southern Cross,<Null>,<Null>,3/24/20 15:26,Jackie.Butts1,3/24/20 15:26,Jackie.Butts1,10580918,9200022095,<Null>,<Null>,-86.811437,33.528381
22097,3 Year,Underground,Grade 3,No,<Null>,Main,Street,Tar Mix,<Null>,4,<Null>,CGI,N/A,N/A,2412,12th Ave N,25th St. N.,<Null>,<Null>,Gas detected from Bell System manhole cover,2020,Southern Cross,<Null>,<Null>,3/24/20 15:50,Jackie.Butts1,3/24/20 15:50,Jackie.Butts1,10580919,9200022097,<Null>,<Null>,-86.808011,33.530082
22104,3 Year,Underground,Grade 2,No,<Null>,Main,Street,Tar Mix,43,<Null>,<Null>,CGI,N/A,N/A,1201,22nd St N, 12th Ave. N.,<Null>,<Null>,"Hole in street, strong gas odor",2020,Southern Cross,<Null>,<Null>,3/24/20 19:46,Jackie.Butts1,3/24/20 19:46,Jackie.Butts1,10580921,9200022104,<Null>,<Null>,-86.811632,33.528506
22107,3 Year,Underground,Grade 3,No,<Null>,Main,Sanitary Manhole,Tar Mix,<Null>,4,<Null>,CGI,N/A,N/A,906,18th St N,9th Ct. N.,<Null>,<Null>,Methane detected from sewer/storm manhole near FBI building,2020,Southern Cross,<Null>,<Null>,3/25/20 13:44,Jackie.Butts1,3/25/20 14:15,Jackie.Butts1,10580922,9200022107,<Null>,<Null>,-86.814775,33.522223
22108,3 Year,Underground,Grade 1,Yes,Service Riser,Fuel Line,Foundation,Unsurfaced,<Null>,45,<Null>,CGI,ba34396,<Null>,1321,13th street n,<Null>,<Null>,<Null>,<Null>,2020,Southern Cross,<Null>,<Null>,3/25/20 14:13,leighton.landrum1,3/25/20 14:20,leighton.landrum1,10580673,9200022108,<Null>,<Null>,-86.822843,33.526906
22112,3 Year,Underground,Grade 1,No,<Null>,Main,<10' FRM Building,Unsurfaced,61,<Null>,<Null>,CGI,N/A,N/A,900,18th St. N.,9th Ct. N.,<Null>,<Null>,"61% gas <10' from building, 86% LEL within 2' of building, concrete sidewalk <2' of building, odor",2020,Southern Cross,<Null>,<Null>,3/25/20 14:59,Jackie.Butts1,3/25/20 15:18,Jackie.Butts1,10580616,9200022112,<Null>,<Null>,-86.814675,33.522033
22114,3 Year,Underground,Grade 3,No,<Null>,Main,Sanitary Manhole,Unsurfaced,<Null>,49,<Null>,CGI,N/A,N/A,1792,18th St N,10th Ave. N.,<Null>,<Null>,Gas detected around Jefferson Co. Sanitary Sewer  manhole,2020,Southern Cross,<Null>,<Null>,3/25/20 16:47,Jackie.Butts1,3/25/20 16:49,Jackie.Butts1,10580925,9200022114,<Null>,<Null>,-86.815285,33.522919
22115,3 Year,Underground,Grade 1,No,<Null>,Main,Water Box,Unsurfaced,20,<Null>,<Null>,CGI,N/A,N/A,1000,18th St. N. ,11th Ave. N.,<Null>,<Null>,"Water valve box, highest = 40% gas, near FBI Building",2020,Southern Cross,<Null>,<Null>,3/25/20 17:24,Jackie.Butts1,3/25/20 17:33,Jackie.Butts1,10580705,9200022115,<Null>,<Null>,-86.815761,33.523481
22120,3 Year,Underground,Grade 2,No,<Null>,Main,Curb,Concrete,20,<Null>,<Null>,CGI,N/A,N/A,1010,18th St N,10th Ave. N.,<Null>,<Null>,"Gas detected at and around curb/sidewalk/cracks in street, near FBI building, gas odor",2020,Southern Cross,<Null>,<Null>,3/26/20 13:19,Jackie.Butts1,3/26/20 13:42,Jackie.Butts1,10580928,9200022120,<Null>,<Null>,-86.815383,33.523037
22128,3 Year,Underground,Grade 2,No,<Null>,Main,Curb,Unsurfaced,30,<Null>,<Null>,CGI,N/A,N/A,954,18th St N,9th Ct. N.,<Null>,<Null>,"Around light pole (CB 9-8), across from Main Steet Check Printing near FBI Building",2020,Southern Cross,<Null>,<Null>,3/26/20 13:57,Jackie.Butts1,3/26/20 13:57,Jackie.Butts1,10580931,9200022128,<Null>,<Null>,-86.815005,33.522603
22130,3 Year,Underground,Grade 2,No,<Null>,Main,20'+ FRM Building,Unsurfaced,35,<Null>,<Null>,CGI,N/A,N/A,1786,9th Ave N,18th St. N.,<Null>,<Null>,"Around tree/curb, construction in progress, AT&T cable lines ",2020,Southern Cross,<Null>,<Null>,3/26/20 14:14,Jackie.Butts1,3/26/20 14:15,Jackie.Butts1,10580933,9200022130,<Null>,<Null>,-86.81449,33.52161
22135,3 Year,Underground,Grade 3,No,<Null>,Main,Sanitary Manhole,Tar Mix,<Null>,9,<Null>,CGI,N/A,N/A,928,17th St N,10th Ave. N.,<Null>,<Null>,City of Birmingham Sanitary Sewer ,2020,Southern Cross,<Null>,<Null>,3/26/20 14:58,Jackie.Butts1,3/26/20 15:00,Jackie.Butts1,10580935,9200022135,<Null>,<Null>,-86.816163,33.521571
22138,3 Year,Underground,Grade 3,No,<Null>,Main,Sanitary Manhole,Tar Mix,<Null>,6,<Null>,CGI,N/A,N/A,1007,17th St N,10th Ave. N.,<Null>,<Null>,City of Birmingham Sanitary Sewer ,2020,Southern Cross,<Null>,<Null>,3/26/20 15:11,Jackie.Butts1,3/26/20 15:11,Jackie.Butts1,10580936,9200022138,<Null>,<Null>,-86.816575,33.522422
22147,3 Year,Underground,Grade 1,No,<Null>,Main,Foundation,Concrete,8,<Null>,<Null>,CGI,N/A,N/A,900,17th St. N. ,9th Ave. N.,<Null>,<Null>,"Metro Mini Storage, 54% gas  - parking lot, 8% gas from foundation, gas odor, complaint of odor",2020,Southern Cross,<Null>,<Null>,3/26/20 16:17,Jackie.Butts1,3/26/20 18:21,Jackie.Butts1,10580719,9200022147,<Null>,<Null>,-86.816035,33.520853
22150,3 Year,Underground,Grade 2,No,<Null>,Main,Water Box,Unsurfaced,<Null>,20,<Null>,CGI,N/A,N/A,900,17th St N,9th Ave. N.,<Null>,<Null>,"Gas detected from BWWB valve box, Metro Mini Storage",2020,Southern Cross,<Null>,<Null>,3/26/20 17:32,Jackie.Butts1,3/26/20 17:32,Jackie.Butts1,10580938,9200022150,<Null>,<Null>,-86.815794,33.52105
22154,3 Year,Underground,Grade 3,No,<Null>,Regulator Station,20'+ FRM Building,Concrete,<Null>,10,<Null>,CGI,N/A,N/A,1625,11th Ave N,17th St. N.,<Null>,<Null>,Regulator station near I-20 W/I-59 S,2020,Southern Cross,<Null>,<Null>,3/26/20 19:33,Jackie.Butts1,3/26/20 19:33,Jackie.Butts1,10582055,9200022154,<Null>,<Null>,-86.817477,33.523466
22157,3 Year,Underground,Grade 3,No,<Null>,Main,Street,Tar Mix,<Null>,5,<Null>,CGI,N/A,N/A,1608,10th Ave N,17th St. N.,<Null>,<Null>,Gas detected from Bell Systems manhole,2020,Southern Cross,<Null>,<Null>,3/26/20 19:44,Jackie.Butts1,3/26/20 19:45,Jackie.Butts1,10580944,9200022157,<Null>,<Null>,-86.817199,33.52295
22158,3 Year,Underground,Grade 1,No,<Null>,Main,Water Box,Concrete,8,<Null>,<Null>,CGI,N/A,N/A,1030,17th St. N.,11th Ave. N.,<Null>,<Null>,"SRA Foods, 8% gas from BWWB box <5' from building, 17% gas <10', gas odor",2020,Southern Cross,<Null>,<Null>,3/26/20 20:22,Jackie.Butts1,3/26/20 21:26,Jackie.Butts1,10580731,9200022158,<Null>,<Null>,-86.817046,33.522812
22160,3 Year,Underground,Grade 2,No,<Null>,Main,Street,Tar Mix,<Null>,50,<Null>,Odor,N/A,N/A,1758,9th Ave N,18th St. N.,<Null>,<Null>,"Construction area - heavy construction/hard hat area, odor, under interstate ",2020,Southern Cross,<Null>,<Null>,3/27/20 13:33,Jackie.Butts1,3/27/20 13:39,Jackie.Butts1,10580945,9200022160,<Null>,<Null>,-86.814886,33.521357
22161,3 Year,Underground,Grade 3,Yes,Service Riser,Service,10' - 20' FRM Building,Unsurfaced,<Null>,<Null>,99,Flame Pack,ra3486,ra3486,720,29th St S,<Null>,<Null>,<Null>,<Null>,2020,Southern Cross,<Null>,<Null>,3/27/20 13:43,Xavier.Patton1,3/27/20 13:43,Xavier.Patton1,10580946,9200022161,<Null>,<Null>,-86.787115,33.51101
22162,3 Year,Underground,Grade 2,Yes,<Null>,Service,Storm Manhole,Concrete,<Null>,35,<Null>,Flame Pack,<Null>,<Null>,714,29th St S,<Null>,<Null>,<Null>,<Null>,2020,Southern Cross,<Null>,<Null>,3/27/20 14:05,Vladimere.Bohemond1,3/27/20 14:15,Vladimere.Bohemond1,10580947,9200022162,<Null>,<Null>,-86.787064,33.511178
22170,3 Year,Underground,Grade 3,Yes,<Null>,Service,Street,Unsurfaced,<Null>,15,<Null>,CGI,<Null>,<Null>,2925,6th Ave S,<Null>,<Null>,<Null>,<Null>,2020,Southern Cross,<Null>,<Null>,3/27/20 18:17,Taylor.Leavey1,3/27/20 18:17,Taylor.Leavey1,10580954,9200022170,<Null>,<Null>,-86.757337,33.530087
22402,3 Year,Underground,Grade 3,Yes,<Null>,Service,Curb,Unsurfaced,<Null>,14,<Null>,CGI,<Null>,<Null>,5105,7th Avenue South,<Null>,<Null>,<Null>,<Null>,2020,Southern Cross,<Null>,<Null>,3/30/20 13:03,Taylor.Leavey1,3/30/20 13:03,Taylor.Leavey1,10580958,9200022402,<Null>,<Null>,-86.755096,33.530826
22466,3 Year,Underground,Grade 3,Yes,Service Riser,Service,<10' FRM Building,Concrete,<Null>,<Null>,78,Soap,ba828326,ba828326,3400,7th court south,<Null>,<Null>,<Null>,<Null>,2020,Southern Cross,<Null>,<Null>,4/3/20 13:56,Xavier.Patton1,4/3/20 13:56,Xavier.Patton1,10581178,9200022466,<Null>,<Null>,-86.780328,33.514668
22476,3 Year,Underground,Grade 2,Yes,<Null>,Main,Curb,Unsurfaced,<Null>,65,<Null>,CGI,<Null>,<Null>,3500,36 St S,<Null>,<Null>,<Null>,Intersection Clairmont Ave,2020,Southern Cross,<Null>,<Null>,4/3/20 16:26,Xavier.Patton1,4/3/20 16:26,Xavier.Patton1,10581182,9200022476,<Null>,<Null>,-86.776844,33.514157
22811,3 Year,Underground,Grade 3,Yes,<Null>,Main,Curb,Unsurfaced,<Null>,<Null>,25,Flame Pack,<Null>,<Null>,2820,2ND AVE S,<Null>,<Null>,Birmingham,<Null>,2020,Southern Cross,<Null>,<Null>,4/15/20 19:47,Vladimere.Bohemond1,4/15/20 19:47,Vladimere.Bohemond1,10581690,9200022811,<Null>,<Null>,-86.797469,33.513723
22824,3 Year,Underground,Grade 3,Yes,<Null>,Main,Street,Concrete,<Null>,3,<Null>,CGI,riser,<Null>,512,60TH ST S,<Null>,<Null>,<Null>,patch in the street,2020,Southern Cross,<Null>,<Null>,4/16/20 13:40,leighton.landrum1,4/16/20 13:40,leighton.landrum1,10581695,9200022824,<Null>,<Null>,-86.743992,33.53961
22826,3 Year,Underground,Grade 2,Yes,<Null>,Main,Street,Concrete,56,<Null>,<Null>,CGI,ba237621,<Null>,540,60TH ST S,<Null>,<Null>,<Null>,<Null>,2020,Southern Cross,<Null>,<Null>,4/16/20 13:57,leighton.landrum1,4/16/20 13:58,leighton.landrum1,10581696,9200022826,<Null>,<Null>,-86.744035,33.538536
22833,3 Year,Underground,Grade 1,Yes,<Null>,Main,Sanitary Manhole,Unsurfaced,4,<Null>,<Null>,CGI,<Null>,<Null>,556,60th s,<Null>,<Null>,birmingham,<Null>,2020,Southern Cross,<Null>,<Null>,4/16/20 14:47,leighton.landrum1,4/16/20 14:47,leighton.landrum1,10581521,9200022833,<Null>,<Null>,-86.744041,33.53794
22839,3 Year,Underground,Grade 3,Yes,<Null>,Main,Curb,Unsurfaced,9,<Null>,<Null>,CGI,0,0,5633,5TH AVE S,<Null>,<Null>,Birmingham ,leak is across the street from this address ,2020,Southern Cross,<Null>,<Null>,4/16/20 16:07,keith.jones1,4/16/20 16:07,keith.jones1,10581702,9200022839,<Null>,<Null>,-86.748486,33.538731
22847,3 Year,Underground,Grade 2,Yes,<Null>,Main,Curb,Unsurfaced,12,<Null>,<Null>,CGI,<Null>,<Null>,1979,20TH AVE,<Null>,<Null>,Phenix City ,<Null>,2020,Southern Cross,<Null>,<Null>,4/16/20 19:17,joshua.stroud1,4/16/20 19:17,joshua.stroud1,10581705,9200022847,<Null>,<Null>,-85.020289,32.480381
22869,3 Year,Underground,Grade 1,Yes,<Null>,Service,10' - 20' FRM Building,Unsurfaced,3,<Null>,<Null>,CGI,<Null>,<Null>,2201,25th St,<Null>,<Null>,Phenix City ,<Null>,2020,Southern Cross,<Null>,<Null>,4/17/20 17:32,joshua.stroud1,4/17/20 17:32,joshua.stroud1,<Null>,9200022869,<Null>,<Null>,-85.024998,32.484852
22870,3 Year,Underground,Grade 2,Yes,<Null>,Main,Curb,Unsurfaced,15,<Null>,<Null>,CGI,<Null>,<Null>,1339,22ND AVE,<Null>,<Null>,Phenix City ,Intersection of 22nd & 24th,2020,Southern Cross,<Null>,<Null>,4/17/20 17:41,joshua.stroud1,4/17/20 17:44,joshua.stroud1,10581711,9200022870,<Null>,<Null>,-85.024474,32.484158
22875,3 Year,Underground,Grade 3,No,<Null>,Main,Curb,Unsurfaced,<Null>,<Null>,203,Flame Pack,<Null>,<Null>,3417,6th Ct S,<Null>,<Null>,Birmingham,SW corner 35th St & 6th Ave S,2020,Southern Cross,<Null>,<Null>,4/6/20 14:51,Vladimere.Bohemond1,4/12/20 19:08,chris.wright1,10581712,9200022875,<Null>,<Null>,-86.780155,33.516692
22876,3 Year,Underground,Grade 3,Yes,<Null>,<Null>,Storm Manhole,Concrete,<Null>,<Null>,253,Flame Pack,<Null>,<Null>,609,35 St S,<Null>,<Null>,Birmingham,Corner of 35th St & 6th Ave S,2020,Southern Cross,<Null>,<Null>,4/6/20 14:59,Vladimere.Bohemond1,4/6/20 14:59,Vladimere.Bohemond1,10581713,9200022876,<Null>,<Null>,-86.779965,33.516792
22881,3 Year,Underground,Grade 3,Yes,Service Riser,Service,<10' FRM Building,Concrete,<Null>,<Null>,79,Soap,ba837932,ba837932,701,37th St S,<Null>,<Null>,<Null>,<Null>,2020,Southern Cross,<Null>,<Null>,4/6/20 15:37,Xavier.Patton1,4/6/20 15:37,Xavier.Patton1,10581714,9200022881,<Null>,<Null>,-86.776032,33.517779
22896,3 Year,Underground,Grade 1,Yes,Nipple,<Null>,<10' FRM Building,Concrete,<Null>,20,<Null>,Flame Pack,<Null>,<Null>,200,41st street S ,<Null>,<Null>,Birmingham,<Null>,2020,Southern Cross,<Null>,<Null>,4/6/20 19:24,Vladimere.Bohemond1,4/6/20 19:24,Vladimere.Bohemond1,<Null>,9200022896,<Null>,<Null>,-86.774541,33.524436
22902,3 Year,Underground,Grade 2,Yes,<Null>,Main,Curb,Concrete,<Null>,56,<Null>,CGI,riser,<Null>,2410,4th Ave S,<Null>,<Null>,<Null>,<Null>,2020,Southern Cross,<Null>,<Null>,4/7/20 12:28,leighton.landrum1,4/7/20 12:48,leighton.landrum1,10581718,9200022902,<Null>,<Null>,-86.796275,33.51192
22907,3 Year,Underground,Grade 3,No,First Cut Regulator,Service,20'+ FRM Building,Unsurfaced,<Null>,4,<Null>,Soap,<Null>,<Null>,3816,Montclair Road,<Null>,<Null>,<Null>,on first cut regulator ,2020,Southern Cross,<Null>,<Null>,4/7/20 13:14,Meagan.Howard1,4/7/20 13:42,Meagan.Howard1,10581719,9200022907,<Null>,<Null>,-86.76469,33.504962
22912,3 Year,Underground,Grade 1,Yes,<Null>,Main,<10' FRM Building,Unsurfaced,9,<Null>,<Null>,CGI,cb8614,<Null>,2516,3rd ave s,<Null>,<Null>,<Null>,<Null>,2020,Southern Cross,<Null>,<Null>,4/7/20 13:39,leighton.landrum1,4/7/20 13:41,leighton.landrum1,10581210,9200022912,<Null>,<Null>,-86.795153,33.513595
22931,3 Year,Underground,Grade 3,No,<Null>,Main,Street,Concrete,<Null>,<Null>,401,<Null>,<Null>,<Null>,1225,5th Ave N,<Null>,<Null>,<Null>,in the street,2020,Southern Cross,<Null>,<Null>,4/7/20 16:48,leighton.landrum1,4/7/20 16:49,leighton.landrum1,10581731,9200022931,<Null>,<Null>,-86.817822,33.513572
22937,3 Year,Underground,Grade 3,Yes,<Null>,Main,Curb,Unsurfaced,8,<Null>,<Null>,CGI,<Null>,<Null>,4301,10th Avenue South,<Null>,<Null>,Birmingham,<Null>,2020,Southern Cross,<Null>,<Null>,4/8/20 13:05,Taylor.Leavey1,4/8/20 13:05,Taylor.Leavey1,10581734,9200022937,<Null>,<Null>,-86.766339,33.513346
22943,3 Year,Underground,Grade 3,No,Service Riser,Service,<10' FRM Building,Unsurfaced,<Null>,4,<Null>,Flame Pack,<Null>,<Null>,3608,5th Ave S,<Null>,<Null>,<Null>,Service riser,2020,Southern Cross,<Null>,<Null>,4/8/20 15:11,Xavier.Patton1,4/8/20 15:11,Xavier.Patton1,10581735,9200022943,<Null>,<Null>,-86.778955,33.519088
22951,3 Year,Underground,Grade 3,No,<Null>,<Null>,Street,Concrete,<Null>,<Null>,89,<Null>,<Null>,<Null>,212,2nd Ave S,<Null>,<Null>,Birmingham,drain in front of The Lumbar,2020,Southern Cross,<Null>,<Null>,4/8/20 16:33,Vladimere.Bohemond1,4/8/20 16:33,Vladimere.Bohemond1,10581737,9200022951,<Null>,<Null>,-86.790625,33.516197
23006,3 Year,Underground,Grade 2,Yes,<Null>,<Null>,Curb,Tar Mix,<Null>,3,<Null>,CGI,<Null>,<Null>,1100,11th St N,5th ave,<Null>,birmingham,<Null>,2020,Southern Cross,<Null>,<Null>,4/10/20 19:31,leighton.landrum1,4/10/20 19:31,leighton.landrum1,10581750,9200023006,<Null>,<Null>,-86.820864,33.512143
23143,3 Year,Underground,Grade 3,Yes,Service Riser,Service,10' - 20' FRM Building,Unsurfaced,<Null>,<Null>,41,Flame Pack,cz5520,cz5520,2801,2nd Ave S ,<Null>,200,<Null>,<Null>,2020,Southern Cross,<Null>,<Null>,4/24/20 13:40,Vladimere.Bohemond1,4/24/20 13:40,Vladimere.Bohemond1,10582008,9200023143,<Null>,<Null>,-86.791748,33.515832
23154,3 Year,Underground,Grade 2,Yes,<Null>,Main,Curb,Concrete,<Null>,47,<Null>,Flame Pack,<Null>,<Null>,2900,4th ave S,<Null>,<Null>,<Null>,<Null>,2020,Southern Cross,<Null>,<Null>,4/24/20 15:16,Vladimere.Bohemond1,4/24/20 15:16,Vladimere.Bohemond1,10582014,9200023154,<Null>,<Null>,-86.78967,33.515142
23394,3 Year,Underground,Grade 3,Yes,<Null>,Main,Street,Concrete,<Null>,2,<Null>,<Null>,<Null>,<Null>,509,40th st S ,<Null>,<Null>,Birmingham,<Null>,2020,Southern Cross,<Null>,<Null>,4/28/20 13:21,Vladimere.Bohemond1,4/28/20 13:21,Vladimere.Bohemond1,10582265,9200023394,<Null>,<Null>,-86.773976,33.520622
23405,3 Year,Underground,Grade 3,Yes,Service Riser,Service,<Null>,Unsurfaced,<Null>,<Null>,50,Soap,BA381129,BA381129,101,10th Ave S,<Null>,44A,Phoenix city ,Apt/Suite 44A,2020,Southern Cross,<Null>,<Null>,4/28/20 14:26,Quentin.Seawright1,4/28/20 14:26,Quentin.Seawright1,10582268,9200023405,<Null>,<Null>,-85.003932,32.445216
23406,5 Year,Underground,Grade 3,Yes,Service Riser,Service,<Null>,Unsurfaced,<Null>,<Null>,50,Soap,BA376390,BA376390,30A,10TH AVE S,<Null>,<Null>,Phoenix city,<Null>,2020,Southern Cross,<Null>,<Null>,4/28/20 14:39,Quentin.Seawright1,4/28/20 14:39,Quentin.Seawright1,10582269,9200023406,<Null>,<Null>,-85.004269,32.444871
23422,3 Year,Underground,Grade 3,Yes,Service Cock,Service,<Null>,Unsurfaced,<Null>,<Null>,50,Soap,BA692708,BA692708,1114,16th Ave,<Null>,<Null>,Phenix City ,<Null>,2020,Southern Cross,<Null>,<Null>,4/28/20 16:23,joshua.stroud1,4/28/20 16:23,joshua.stroud1,10582271,9200023422,<Null>,<Null>,-85.014959,32.468157
23495,3 Year,Underground,Grade 2,Yes,<Null>,Main,<Null>,<Null>,<Null>,36,<Null>,<Null>,<Null>,<Null>,3325,altamont rd S ,<Null>,<Null>,Birmingham,leak is coming from under previous laid asphalt,2020,Southern Cross,<Null>,<Null>,4/30/20 20:10,Vladimere.Bohemond1,4/30/20 20:10,Vladimere.Bohemond1,10582300,9200023495,<Null>,<Null>,-86.77581,33.504117
23771,3 Year,Underground,Grade 1,<Null>,<Null>,Main,Foundation,Concrete,<Null>,<Null>,50,Odor,no meter,<Null>,314,11th ,<Null>,<Null>,Phoenix city ,<Null>,2020,Southern Cross,<Null>,<Null>,5/7/20 14:55,Quentin.Seawright1,5/7/20 14:55,Quentin.Seawright1,<Null>,9200023771,<Null>,<Null>,-85.008487,32.451727
23814,3 Year,Underground,Grade 1,Yes,<Null>,Main,<10' FRM Building,Unsurfaced,2,<Null>,<Null>,CGI,<Null>,<Null>,907,S Seale Road,<Null>,<Null>,Phenix City ,<Null>,2020,Southern Cross,<Null>,<Null>,5/8/20 18:15,joshua.stroud1,5/8/20 18:15,joshua.stroud1,<Null>,9200023814,<Null>,<Null>,-85.013708,32.428341
23884,3 Year,Underground,Grade 2,Yes,<Null>,Main,Curb,Unsurfaced,8,<Null>,<Null>,CGI,<Null>,<Null>,100,28th Ave,<Null>,<Null>,<Null>,<Null>,2020,Southern Cross,<Null>,<Null>,5/12/20 19:14,joshua.stroud1,5/12/20 19:14,joshua.stroud1,10582836,9200023884,<Null>,<Null>,-85.03306,32.464396
24174,5 Year,Underground,Grade 3,No,Service Cock,<Null>,<Null>,<Null>,<Null>,4,402,CGI,<Null>,<Null>,6021,Martin Luther Ave,<Null>,<Null>,<Null>,<Null>,2020,Southern Cross,<Null>,<Null>,5/27/20 13:56,Joel.Gibson1,5/27/20 13:57,Joel.Gibson1,10583315,9200024174,<Null>,<Null>,-86.931317,33.442104
24185,5 Year,Underground,Grade 3,No,<Null>,Service,<10' FRM Building,Concrete,<Null>,3,484,CGI,<Null>,<Null>,5924,Patton Ave,<Null>,<Null>,<Null>,<Null>,2020,Southern Cross,<Null>,<Null>,5/27/20 16:03,Joel.Gibson1,5/27/20 16:04,Joel.Gibson1,10583318,9200024185,<Null>,<Null>,-86.929335,33.440619
24186,5 Year,Underground,Grade 3,No,Service Riser,<Null>,<Null>,Unsurfaced,14,80,<Null>,CGI,<Null>,<Null>,5905,Patton Ave,<Null>,<Null>,<Null>,<Null>,2020,Southern Cross,<Null>,<Null>,5/27/20 16:12,Joel.Gibson1,5/27/20 16:12,Joel.Gibson1,10583319,9200024186,<Null>,<Null>,-86.928501,33.440361
24193,5 Year,Underground,Grade 3,No,Service Riser,<Null>,<Null>,Unsurfaced,<Null>,4,129,Soap,<Null>,<Null>,6028,Jesse Owens Ave,<Null>,<Null>,<Null>,<Null>,2020,Southern Cross,<Null>,<Null>,5/27/20 18:24,Joel.Gibson1,5/27/20 18:25,Joel.Gibson1,10583320,9200024193,<Null>,<Null>,-86.93184,33.439763
24212,5 Year,Underground,Grade 3,No,Service Riser,Service,<Null>,<Null>,<Null>,4,242,CGI,<Null>,<Null>,5832,Martin Luther Ave ,<Null>,<Null>,<Null>,<Null>,2020,Southern Cross,<Null>,<Null>,5/29/20 12:34,Joel.Gibson1,5/29/20 12:34,Joel.Gibson1,10583324,9200024212,<Null>,<Null>,-86.927907,33.442406
24330,5 Year,Underground,Grade 3,No,Service,Service,<Null>,Unsurfaced,<Null>,<Null>,245,Soap,<Null>,<Null>,3718,CHALYBE WALK,<Null>,<Null>,<Null>,245 PPM,2020,Southern Cross,<Null>,<Null>,6/2/20 12:48,leighton.landrum1,6/2/20 12:49,leighton.landrum1,10584133,9200024330,<Null>,<Null>,-86.887479,33.399979
24333,5 Year,Underground,Grade 3,No,Service,Service,<Null>,<Null>,<Null>,4,242,CGI,<Null>,<Null>,2815,Fairfax Ave,<Null>,<Null>,<Null>,Riser Only; 4% LEL,2020,Southern Cross,<Null>,<Null>,6/2/20 13:22,Joel.Gibson1,6/2/20 13:22,Joel.Gibson1,10584134,9200024333,<Null>,<Null>,-86.934322,33.406771
24339,5 Year,Underground,Grade 3,Yes,Service Riser,Service,<10' FRM Building,Concrete,<Null>,10,423,CGI,<Null>,<Null>,3201,Fairfax Ave ,<Null>,<Null>,<Null>,10% LEL,2020,Southern Cross,<Null>,<Null>,6/2/20 16:31,Joel.Gibson1,6/2/20 16:31,Joel.Gibson1,10584136,9200024339,<Null>,<Null>,-86.930963,33.410849
24656,5 Year,Underground,Grade 3,No,<Null>,Service,<10' FRM Building,Concrete,<Null>,52,432,CGI,BA664517,BA664517,725,32ND CT S,<Null>,<Null>,<Null>,52% LEL,2020,Southern Cross,<Null>,<Null>,6/10/20 12:29,Joel.Gibson1,6/10/20 12:29,Joel.Gibson1,10584147,9200024656,<Null>,<Null>,-86.928863,33.408599
24971,5 Year,Underground,Grade 3,No,Service Riser,Service,<Null>,Unsurfaced,<Null>,4,<Null>,CGI,<Null>,<Null>,3324,SHORT AVENUE D,<Null>,<Null>,<Null>,4% LEL,2020,Southern Cross,<Null>,<Null>,6/15/20 15:57,Joel.Gibson1,6/15/20 16:00,Joel.Gibson1,10584153,9200024971,<Null>,<Null>,-86.925778,33.414917
24974,5 Year,Underground,Grade 3,Yes,<Null>,Main,Street,Tar Mix,<Null>,80,<Null>,CGI,<Null>,<Null>,3328,AVENUE E,<Null>,<Null>,<Null>,80% LEL,2020,Southern Cross,<Null>,<Null>,6/15/20 17:43,Joel.Gibson1,6/15/20 17:43,Joel.Gibson1,10584154,9200024974,<Null>,<Null>,-86.924621,33.414881
24993,5 Year,Underground,Grade 3,No,Service Riser,<Null>,<10' FRM Building,Unsurfaced,<Null>,8,332,Soap,<Null>,<Null>,222,30TH ST S,<Null>,<Null>,<Null>,8% LEL,2020,Southern Cross,<Null>,<Null>,6/16/20 17:49,Joel.Gibson1,6/16/20 17:50,Joel.Gibson1,10584158,9200024993,<Null>,<Null>,-86.937711,33.411053
24999,5 Year,Underground,Grade 1,Yes,<Null>,Main,<10' FRM Building,Tar Mix,6,<Null>,<Null>,CGI,ba824412,<Null>,5416,WINTERGREEN AVE,<Null>,<Null>,Bessemer,<Null>,2020,Southern Cross,<Null>,<Null>,6/17/20 13:40,leighton.landrum1,6/17/20 14:02,leighton.landrum1,<Null>,9200024999,<Null>,<Null>,-86.91441,33.443234
25002,5 Year,Underground,Grade 3,No,Service Riser,<Null>,<Null>,Unsurfaced,<Null>,4,332,CGI,<Null>,<Null>,316,30TH ST S,<Null>,<Null>,<Null>,4% LEL,2020,Southern Cross,<Null>,<Null>,6/17/20 16:30,Joel.Gibson1,6/17/20 16:32,Joel.Gibson1,10584161,9200025002,<Null>,<Null>,-86.936448,33.41034
25009,5 Year,Underground,Grade 3,No,Service Riser,Service,<10' FRM Building,Unsurfaced,<Null>,12,442,CGI,BA769659,BA769659,3408,SOLES CT,<Null>,<Null>,<Null>,12% LEL,2020,Southern Cross,<Null>,<Null>,6/18/20 13:51,Joel.Gibson1,6/18/20 13:53,Joel.Gibson1,10584163,9200025009,<Null>,<Null>,-86.932246,33.415789
25370,5 Year,Underground,Grade 1,Yes,<Null>,Fuel Line,<Null>,Unsurfaced,<Null>,<Null>,108,Soap,<Null>,<Null>,5116,JUANITA CIR,<Null>,<Null>,<Null>,<1% LEL,2020,Southern Cross,<Null>,<Null>,7/6/20 13:20,leighton.landrum1,7/6/20 15:24,leighton.landrum1,<Null>,9200025370,<Null>,<Null>,-86.91898,33.448989
25939,5 Year,Underground,Grade 1,No,<Null>,Service,Foundation,Unsurfaced,47,<Null>,<Null>,Flame Pack,<Null>,<Null>,2071,ROSS PARK WAY,<Null>,<Null>,<Null>,<Null>,2020,Southern Cross,<Null>,<Null>,7/14/20 14:57,Elix.Motley1,7/14/20 15:42,Elix.Motley1,<Null>,9200025939,<Null>,<Null>,-86.886429,33.39773
25969,5 Year,Underground,Grade 3,Yes,Service Riser,Service,<10' FRM Building,Unsurfaced,<Null>,2,<Null>,Flame Pack,BA697499 ,BA697499 ,3941,BUTLER SPRINGS WAY,<Null>,<Null>,<Null>,2% LEL,2020,Southern Cross,<Null>,<Null>,7/15/20 18:37,Elix.Motley1,7/15/20 18:37,Elix.Motley1,<Null>,9200025969,<Null>,<Null>,-86.887748,33.392967